begin;
-- ローカルで試す際は自身のuser名に変更
use trynexus;

 truncate table   staff;
 truncate table   jobseeker;
 truncate table   zokuseijobseeker;
 truncate table   `character`;
 truncate table   jscharacter;
 truncate table   jscareer;
 truncate table   company;
 truncate table   kyujin;
 truncate table   comment;
 truncate table   pastkyujin;
 truncate table   hwkyujin;
 truncate table   todouhuken;
 truncate table   jobcategory;
 truncate table   job;
 truncate table   matchingcase;
 truncate table   saiban;


-- 職業紹介者マスタのサンプルデータ
insert into staff values('0001','藤谷勉','ふじたにつとむ','1','111',current_timestamp,'0001',current_timestamp,'0001',0);
insert into staff values('0002','森下健三郎','もりしたけんざぶろう','2','222',current_timestamp,'0002',current_timestamp,'0002',0);
insert into staff values('0003','大西奈央','おおにしなお','2','333',current_timestamp,'0001',current_timestamp,'0002',0);


-- 求職者マスタのサンプルデータ
insert into jobseeker values('00111','後藤又兵衛','ごとうまたべえ','1969/7/27','1',49,'633-0234','奈良県宇陀市榛原高塚1-4-4','bdash@gnail.com','喜連瓜破','745263141','8028916797','1',1,'4','さる事件の影響でリストラに遭い、様々な職を経験して参りました。','31','233','10','30','12','972','31','1','1234567',5,1000,1800,230000,null,'海外勤務も希望です。','12','ひよこ鑑定士 / アロマセラピスト2級 / 毛筆初段','Javaプログラミング能力1級','軽度の色覚障碍','0001','2525cash','勤務時間、曜日は柔軟に可',current_timestamp,'0001',current_timestamp,'0001','0');
insert into jobseeker values('00112','蘇我蝦夷','そがのえみし','1991/1/20','1',27,'623-0025','京都府綾部市月見町3-7-4-4','ueue@shitashita.ne.jp','男山','777463775','8057721419','1',2,'2','ファーウェイジャパンの個人情報管理課に3年間勤務','20','22','23','5',null,null,'28','5','12345',5,1000,1700,130000,1200,'残業不可','1',null,'MOSエキスパート',null,'0003','2525cash',null,current_timestamp,'0003',current_timestamp,'0003','0');
insert into jobseeker values('00113','浅井お市','あざいおいち','1985/3/30','2',33,'522-0005','滋賀県彦根市小野町4-12','hidarimigi@hidarimigi.ba.jp','虎姫','749638094','9004399284','0',1,'3','保育園で通算10年働いておりました。','133','361','42','6','3',null,'27','5','12456',4,9000,2000,null,1300,'特になし','0','保育士',null,'てんかんの持病あり','0002','2525cash',null,'2018-10-15','0002',current_timestamp,'0003','0');


-- マッチング事例のサンプルデータ
insert into matchingcase (id,companyno,kyujinno,jobseekerid,staffid,interviewdt,enterdt,assessment,createdt,createuserid,updatedt,updateuserid)
values(1,'A100-567890-5','12457-44446666','00111','0001','2018-12-10','2019-1-6','1','2018-12-06','0001',current_timestamp,'0003');
insert into matchingcase (id,companyno,kyujinno,jobseekerid,staffid,interviewdt,assessment,createdt,createuserid,updatedt,updateuserid)
values(2,'A101-555555-9','45141-45445554','00112','0002','2018-10-5','2','2018-9-24','0002','2018-10-15','0002');
insert into matchingcase (id,companyno,kyujinno,jobseekerid,staffid,interviewdt,enterdt,assessment,createdt,createuserid,updatedt,updateuserid)
values(3,'2222-123456-7','41244-95544575','00113','0001','2017-3-9','2017-4-1','1','2017-2-28','0001','2017-3-15','0001');


-- 企業マスタのサンプルデータ
insert into company values('1234567890123','1234-567890-1','ABC株式会社','エービーシーカブシキガイシャ','555-1144','兵庫県尼崎市南城内4-4-15','園部駅','https://localhost:8080/nexus/top',null,'S','1000000000','1200',1955,'社畜','修羅コーサク','しゅら こうさく','06-459-4649','06-459-4949','hakata@pineapple.go.jp','総務・人事と様々にご担当。赤福を持参すると喜ばれる。','0001','A','過去実績良好',current_timestamp,'0001',current_timestamp,'0001',0);
insert into company values('5678901231234','567890-1-1234','C株式会社','シーカブシキガイシャ','102-0075','東京都千代田区三番町20番地','東京駅','https://localhost:8080/nexus/staff','53','C','5000000000','100',1867,null,null,null,null,null,null,null,'0002','B',null,current_timestamp,'0003',current_timestamp,'0003',0);
insert into company values('3123456789012','890567-1-1234','D株式会社','ディーカブシキガイシャ','102-0015','東京都千代田区三番町20番地','渋谷駅','https://localhost:8080/web/jobseeker-list','102','E','3000000','10',2011,null,null,null,null,null,null,null,'0002','C',null,current_timestamp,'0002',current_timestamp,'0001',0);


-- 求人情報のサンプルデータ
insert into kyujin values('12457-44446666','1234-567890-1','エービーシーカブシキガイシャ','555-1144','兵庫県尼崎市南城内4-4-15','阪神神戸線','園部駅','12','000','012','011','C','A','A','議員','あぁぁぁあ','5','1','有り。更新の可能性有り（最長4年）','2019-04-25','2023-04-20','大卒','ジバン　カンバン　カバン','税理士',20,70,'1',180000,600000,'なし','50000','350000','0930','1730','有り 1600～2130勤務も','時期によりあり','0',20,3,5,'180','履歴書・職務経歴書','社内高齢化による人手不足のため','10','1',25,60,'暴力団・半グレ構成員は不可','2025-03-01','2019-07-25',current_timestamp,'0002',current_timestamp,'0002',0);
insert into kyujin values('98765-43211234','2222-333333-4','エスビークリエイティブカブシキガイシャ','106-0032','東京都港区六本木2-4-5',null,'東京駅','10','011','000','051','A','C','B','システムエンジニア','AAAAA','4','1','なし',null,null,'専門学校',null,null,20,65,'3',1500,2500,'なし','あり','なし',9999,9999,null,null,'0',null,0,'3',null,null,null,'3','2',18,40,null,'2019-10-01','2019-08-31',current_timestamp,'0003',current_timestamp,'0001',0);
insert into kyujin values('27010-82282581','2701-925459-2','カブシキガイシャパソナハートフルオオサカジギョウショ','541-0047','大阪市中央区淡路町4-2-15','地下鉄各線','本町駅','01','251','051','042','D','A','C','一般事務・軽作業','庶務二課にて庶務','1','2','あり','2019-01-07','2025-09-30','高卒',null,null,18,60,'1',150000,250000,'あり','あり',null,0900,1700,null,null,'1','0',null,'5',null,null,null,'5','2',20,35,null,'2019-03-28','2019-03-10',current_timestamp,'0002',current_timestamp,'0002',0);


-- 備考コメント欄のサンプルデータ
insert into comment (id,companyno,kyujinno,jobseekerid,staffid,matchid,genre,important,title,note,createdt,createuserid,updatedt,updateuserid)
values(1,'A101-555555-9','45141-45445554','00113','0003',2,'2','1','12月10日面接受けた者からのフィードバック','長い圧迫面接があったとのことです。',current_timestamp,'0003',current_timestamp,'0003');
insert into comment (id,jobseekerid,staffid,genre,title,note,createdt,createuserid,updatedt,updateuserid)
values(2,'00111','0001','1','本人の希望、状況','倒産により失業。\n元の勤め先を倒産に追い込んだトクガワ社を見返したいのでライバル企業に入りたいとのこと。',current_timestamp,'0001',current_timestamp,'0001');
insert into comment (id,companyno,staffid,genre,title,note,createdt,createuserid,updatedt,updateuserid)
values(3,'A100-567890-5','0002','2','求める人材像','Java、C言語、Rubyの技術者を特に求めている。\nハイスキルであればCOBOL技術者も。',current_timestamp,'0002',current_timestamp,'0002');
insert into comment (id,companyno,kyujinno,jobseekerid,staffid,matchid,genre,title,note,createdt,createuserid,updatedt,updateuserid)
values(4,'2222-123456-7','41244-95544575','00112','0001',3,'4','㈱桓武社の面接について','スキルと将来の目標についてかなり掘り下げて聞かれたそうです。','2017-4-3','0001','2017-4-3','0002');


-- 特性マスタのサンプルデータ
insert into `character` (`character`) values('positive');
insert into `character` (`character`) values('negative');
insert into `character` (`character`) values('頭の回転が早い');
insert into `character` (`character`) values('ハキハキしている');
insert into `character` (`character`) values('物腰が柔らかい');


-- 求職者特性のサンプルデータ
insert into jscharacter values('11123',1);
insert into jscharacter values('34567',2);


-- 求職者職歴のサンプルデータ
insert into jscareer values('14246','エンジニア',201206,201209);
insert into jscareer values('20890','システムマネージャー',201509,201609);
insert into jscareer values('45759','製造業',201101, 201202);


-- 採番のサンプルデータ
insert into saiban values(4,0,0,4);


-- 職種マスタのサンプルデータ
insert into job (largecd,middlecd,smallcd,name) values ('A',0,0,'管理的職業従事者');
insert into job (largecd,middlecd,smallcd,name) values ('A',1,0,'管理的公務員');
insert into job (largecd,middlecd,smallcd,name) values ('A',1,11,'議会議員');
insert into job (largecd,middlecd,smallcd,name) values ('A',1,12,'管理的国家公務員');
insert into job (largecd,middlecd,smallcd,name) values ('A',2,13,'管理的地方公務員');
insert into job (largecd,middlecd,smallcd,name) values ('A',2,0,'法人・団体役員');
insert into job (largecd,middlecd,smallcd,name) values ('A',2,21,'会社役員');
insert into job (largecd,middlecd,smallcd,name) values ('A',2,22,'独立行政法人等役員');
insert into job (largecd,middlecd,smallcd,name) values ('A',3,29,'その他の法人・団体役員');
insert into job (largecd,middlecd,smallcd,name) values ('A',3,0,'法人・団体管理職員');
insert into job (largecd,middlecd,smallcd,name) values ('A',3,31,'会社管理職員');
insert into job (largecd,middlecd,smallcd,name) values ('A',3,32,'独立行政法人等管理職員');
insert into job (largecd,middlecd,smallcd,name) values ('A',4,39,'その他の法人・団体管理職員');
insert into job (largecd,middlecd,smallcd,name) values ('A',4,0,'その他の管理的職業従事者');
insert into job (largecd,middlecd,smallcd,name) values ('B',4,49,'その他の管理的職業従事者');
insert into job (largecd,middlecd,smallcd,name) values ('B',0,0,'専門的・技術的職業従事者');
insert into job (largecd,middlecd,smallcd,name) values ('B',5,0,'研究者');
insert into job (largecd,middlecd,smallcd,name) values ('B',5,51,'自然科学系研究者');
insert into job (largecd,middlecd,smallcd,name) values ('B',5,52,'人文・社会科学系等研究者');
insert into job (largecd,middlecd,smallcd,name) values ('B',6,0,'農林水産技術者');
insert into job (largecd,middlecd,smallcd,name) values ('B',6,61,'農林水産技術者');
insert into job (largecd,middlecd,smallcd,name) values ('B',7,0,'製造技術者（開発）');
insert into job (largecd,middlecd,smallcd,name) values ('B',7,71,'食品技術者（開発）');
insert into job (largecd,middlecd,smallcd,name) values ('B',7,72,'電気・電子・電気通信技術者（通信ネットワーク技術者を除く）（開発）');
insert into job (largecd,middlecd,smallcd,name) values ('B',7,73,'機械技術者（開発）');
insert into job (largecd,middlecd,smallcd,name) values ('B',7,74,'自動車技術者（開発）');
insert into job (largecd,middlecd,smallcd,name) values ('B',7,75,'輸送用機器技術者（自動車を除く）（開発）');
insert into job (largecd,middlecd,smallcd,name) values ('B',7,76,'金属技術者（開発）');
insert into job (largecd,middlecd,smallcd,name) values ('B',7,77,'化学技術者（開発）');
insert into job (largecd,middlecd,smallcd,name) values ('B',7,79,'その他の製造技術者（開発）');
insert into job (largecd,middlecd,smallcd,name) values ('B',8,0,'製造技術者（開発を除く）');
insert into job (largecd,middlecd,smallcd,name) values ('B',8,81,'食品技術者（開発を除く）');
insert into job (largecd,middlecd,smallcd,name) values ('B',8,82,'電気・電子・電気通信技術者（通信ネットワーク技術者を除く）（開発を除く）');
insert into job (largecd,middlecd,smallcd,name) values ('B',8,83,'機械技術者（開発を除く）');
insert into job (largecd,middlecd,smallcd,name) values ('B',8,84,'自動車技術者（開発を除く）');
insert into job (largecd,middlecd,smallcd,name) values ('B',8,85,'輸送用機器技術者（自動車を除く）（開発を除く）');
insert into job (largecd,middlecd,smallcd,name) values ('B',8,86,'金属技術者（開発を除く）');
insert into job (largecd,middlecd,smallcd,name) values ('B',8,87,'化学技術者（開発を除く）');
insert into job (largecd,middlecd,smallcd,name) values ('B',8,89,'その他の製造技術者（開発を除く）');
insert into job (largecd,middlecd,smallcd,name) values ('B',9,0,'建築・土木・測量技術者');
insert into job (largecd,middlecd,smallcd,name) values ('B',9,91,'建築技術者');
insert into job (largecd,middlecd,smallcd,name) values ('B',9,92,'土木技術者');
insert into job (largecd,middlecd,smallcd,name) values ('B',9,93,'測量技術者');
insert into job (largecd,middlecd,smallcd,name) values ('B',10,0,'情報処理・通信技術者');
insert into job (largecd,middlecd,smallcd,name) values ('B',10,101,'システムコンサルタント');
insert into job (largecd,middlecd,smallcd,name) values ('B',10,102,'システム設計者');
insert into job (largecd,middlecd,smallcd,name) values ('B',10,103,'情報処理プロジェクトマネージャ');
insert into job (largecd,middlecd,smallcd,name) values ('B',10,104,'ソフトウェア作成者');
insert into job (largecd,middlecd,smallcd,name) values ('B',10,105,'システム運用管理者');
insert into job (largecd,middlecd,smallcd,name) values ('B',10,106,'通信ネットワーク技術者');
insert into job (largecd,middlecd,smallcd,name) values ('B',10,109,'その他の情報処理・通信技術者');
insert into job (largecd,middlecd,smallcd,name) values ('B',11,0,'その他の技術者');
insert into job (largecd,middlecd,smallcd,name) values ('B',11,119,'その他の技術者');
insert into job (largecd,middlecd,smallcd,name) values ('B',12,0,'医師，歯科医師，獣医師，薬剤師');
insert into job (largecd,middlecd,smallcd,name) values ('B',12,121,'医師');
insert into job (largecd,middlecd,smallcd,name) values ('B',12,122,'歯科医師');
insert into job (largecd,middlecd,smallcd,name) values ('B',12,123,'獣医師');
insert into job (largecd,middlecd,smallcd,name) values ('B',12,124,'薬剤師');
insert into job (largecd,middlecd,smallcd,name) values ('B',13,0,'保健師，助産師，看護師');
insert into job (largecd,middlecd,smallcd,name) values ('B',13,131,'保健師');
insert into job (largecd,middlecd,smallcd,name) values ('B',13,132,'助産師');
insert into job (largecd,middlecd,smallcd,name) values ('B',13,133,'看護師（准看護師を含む）');
insert into job (largecd,middlecd,smallcd,name) values ('B',14,0,'医療技術者');
insert into job (largecd,middlecd,smallcd,name) values ('B',14,141,'診療放射線技師');
insert into job (largecd,middlecd,smallcd,name) values ('B',14,142,'臨床工学技士');
insert into job (largecd,middlecd,smallcd,name) values ('B',14,143,'臨床検査技師');
insert into job (largecd,middlecd,smallcd,name) values ('B',14,144,'理学療法士，作業療法士');
insert into job (largecd,middlecd,smallcd,name) values ('B',14,145,'視能訓練士，言語聴覚士');
insert into job (largecd,middlecd,smallcd,name) values ('B',14,146,'歯科衛生士');
insert into job (largecd,middlecd,smallcd,name) values ('B',14,147,'歯科技工士');
insert into job (largecd,middlecd,smallcd,name) values ('B',15,0,'その他の保健医療従事者');
insert into job (largecd,middlecd,smallcd,name) values ('B',15,151,'栄養士');
insert into job (largecd,middlecd,smallcd,name) values ('B',15,152,'あん摩マッサージ指圧師，はり師，きゅう師，柔道整復師');
insert into job (largecd,middlecd,smallcd,name) values ('B',15,159,'他に分類されない保健医療従事者');
insert into job (largecd,middlecd,smallcd,name) values ('B',16,0,'社会福祉専門職業従事者');
insert into job (largecd,middlecd,smallcd,name) values ('B',16,161,'福祉相談指導専門員');
insert into job (largecd,middlecd,smallcd,name) values ('B',16,162,'福祉施設指導専門員');
insert into job (largecd,middlecd,smallcd,name) values ('B',16,163,'保育士');
insert into job (largecd,middlecd,smallcd,name) values ('B',16,169,'その他の社会福祉専門職業従事者');
insert into job (largecd,middlecd,smallcd,name) values ('B',17,0,'法務従事者');
insert into job (largecd,middlecd,smallcd,name) values ('B',17,171,'裁判官');
insert into job (largecd,middlecd,smallcd,name) values ('B',17,172,'検察官');
insert into job (largecd,middlecd,smallcd,name) values ('B',17,173,'弁護士');
insert into job (largecd,middlecd,smallcd,name) values ('B',17,174,'弁理士');
insert into job (largecd,middlecd,smallcd,name) values ('B',17,175,'司法書士');
insert into job (largecd,middlecd,smallcd,name) values ('B',17,179,'その他の法務従事者');
insert into job (largecd,middlecd,smallcd,name) values ('B',18,0,'経営・金融・保険専門職業従事者');
insert into job (largecd,middlecd,smallcd,name) values ('B',18,181,'公認会計士');
insert into job (largecd,middlecd,smallcd,name) values ('B',18,182,'税理士');
insert into job (largecd,middlecd,smallcd,name) values ('B',18,183,'社会保険労務士');
insert into job (largecd,middlecd,smallcd,name) values ('B',18,184,'金融・保険専門職業従事者');
insert into job (largecd,middlecd,smallcd,name) values ('B',18,189,'その他の経営・金融・保険専門職業従事者');
insert into job (largecd,middlecd,smallcd,name) values ('B',19,0,'教員');
insert into job (largecd,middlecd,smallcd,name) values ('B',19,191,'幼稚園教員');
insert into job (largecd,middlecd,smallcd,name) values ('B',19,192,'小学校教員');
insert into job (largecd,middlecd,smallcd,name) values ('B',19,193,'中学校教員');
insert into job (largecd,middlecd,smallcd,name) values ('B',19,194,'高等学校教員');
insert into job (largecd,middlecd,smallcd,name) values ('B',19,195,'中等教育学校教員');
insert into job (largecd,middlecd,smallcd,name) values ('B',19,196,'特別支援学校教員');
insert into job (largecd,middlecd,smallcd,name) values ('B',19,197,'高等専門学校教員');
insert into job (largecd,middlecd,smallcd,name) values ('B',19,198,'大学教員');
insert into job (largecd,middlecd,smallcd,name) values ('B',19,199,'その他の教員');
insert into job (largecd,middlecd,smallcd,name) values ('B',20,0,'宗教家');
insert into job (largecd,middlecd,smallcd,name) values ('B',20,201,'宗教家');
insert into job (largecd,middlecd,smallcd,name) values ('B',21,0,'著述家，記者，編集者');
insert into job (largecd,middlecd,smallcd,name) values ('B',21,211,'著述家');
insert into job (largecd,middlecd,smallcd,name) values ('B',21,212,'記者，編集者');
insert into job (largecd,middlecd,smallcd,name) values ('B',22,0,'美術家，デザイナー，写真家，映像撮影者');
insert into job (largecd,middlecd,smallcd,name) values ('B',22,221,'彫刻家');
insert into job (largecd,middlecd,smallcd,name) values ('B',22,222,'画家，書家');
insert into job (largecd,middlecd,smallcd,name) values ('B',22,223,'工芸美術家');
insert into job (largecd,middlecd,smallcd,name) values ('B',22,224,'デザイナー');
insert into job (largecd,middlecd,smallcd,name) values ('B',22,225,'写真家，映像撮影者');
insert into job (largecd,middlecd,smallcd,name) values ('B',23,0,'音楽家，舞台芸術家');
insert into job (largecd,middlecd,smallcd,name) values ('B',23,231,'音楽家');
insert into job (largecd,middlecd,smallcd,name) values ('B',23,232,'舞踊家');
insert into job (largecd,middlecd,smallcd,name) values ('B',23,233,'俳優');
insert into job (largecd,middlecd,smallcd,name) values ('B',23,234,'演出家');
insert into job (largecd,middlecd,smallcd,name) values ('B',23,235,'演芸家');
insert into job (largecd,middlecd,smallcd,name) values ('B',24,0,'その他の専門的職業従事者');
insert into job (largecd,middlecd,smallcd,name) values ('B',24,241,'図書館司書');
insert into job (largecd,middlecd,smallcd,name) values ('B',24,242,'学芸員');
insert into job (largecd,middlecd,smallcd,name) values ('B',24,243,'カウンセラー(医療・福祉施設を除く)');
insert into job (largecd,middlecd,smallcd,name) values ('B',24,244,'個人教師');
insert into job (largecd,middlecd,smallcd,name) values ('B',24,245,'職業スポーツ従事者');
insert into job (largecd,middlecd,smallcd,name) values ('B',24,246,'通信機器操作従事者');
insert into job (largecd,middlecd,smallcd,name) values ('C',24,249,'他に分類されない専門的職業従事者');
insert into job (largecd,middlecd,smallcd,name) values ('C',0,0,'事務従事者');
insert into job (largecd,middlecd,smallcd,name) values ('C',25,0,'一般事務従事者');
insert into job (largecd,middlecd,smallcd,name) values ('C',25,251,'庶務事務員');
insert into job (largecd,middlecd,smallcd,name) values ('C',25,252,'人事事務員');
insert into job (largecd,middlecd,smallcd,name) values ('C',25,253,'企画事務員');
insert into job (largecd,middlecd,smallcd,name) values ('C',25,254,'受付・案内事務員');
insert into job (largecd,middlecd,smallcd,name) values ('C',25,255,'秘書');
insert into job (largecd,middlecd,smallcd,name) values ('C',25,256,'電話応接事務員');
insert into job (largecd,middlecd,smallcd,name) values ('C',25,257,'総合事務員');
insert into job (largecd,middlecd,smallcd,name) values ('C',25,259,'その他の一般事務従事者');
insert into job (largecd,middlecd,smallcd,name) values ('C',26,0,'会計事務従事者');
insert into job (largecd,middlecd,smallcd,name) values ('C',26,261,'現金出納事務員');
insert into job (largecd,middlecd,smallcd,name) values ('C',26,262,'預・貯金窓口事務員');
insert into job (largecd,middlecd,smallcd,name) values ('C',26,263,'経理事務員');
insert into job (largecd,middlecd,smallcd,name) values ('C',26,269,'その他の会計事務従事者');
insert into job (largecd,middlecd,smallcd,name) values ('C',27,0,'生産関連事務従事者');
insert into job (largecd,middlecd,smallcd,name) values ('C',27,271,'生産現場事務員');
insert into job (largecd,middlecd,smallcd,name) values ('C',27,272,'出荷・受荷事務員');
insert into job (largecd,middlecd,smallcd,name) values ('C',28,0,'営業・販売事務従事者');
insert into job (largecd,middlecd,smallcd,name) values ('C',28,281,'営業・販売事務員');
insert into job (largecd,middlecd,smallcd,name) values ('C',28,289,'その他の営業・販売事務従事者');
insert into job (largecd,middlecd,smallcd,name) values ('C',29,0,'外勤事務従事者');
insert into job (largecd,middlecd,smallcd,name) values ('C',29,291,'集金人');
insert into job (largecd,middlecd,smallcd,name) values ('C',29,292,'調査員');
insert into job (largecd,middlecd,smallcd,name) values ('C',29,299,'その他の外勤事務従事者');
insert into job (largecd,middlecd,smallcd,name) values ('C',30,0,'運輸・郵便事務従事者');
insert into job (largecd,middlecd,smallcd,name) values ('C',30,301,'旅客・貨物係事務員');
insert into job (largecd,middlecd,smallcd,name) values ('C',30,302,'運行管理事務員');
insert into job (largecd,middlecd,smallcd,name) values ('C',30,303,'郵便事務員');
insert into job (largecd,middlecd,smallcd,name) values ('C',31,0,'事務用機器操作員');
insert into job (largecd,middlecd,smallcd,name) values ('C',31,311,'パーソナルコンピュータ操作員');
insert into job (largecd,middlecd,smallcd,name) values ('C',31,312,'データ・エントリー装置操作員');
insert into job (largecd,middlecd,smallcd,name) values ('C',31,313,'電子計算機オペレーター（パーソナルコンピュータを除く）');
insert into job (largecd,middlecd,smallcd,name) values ('D',31,319,'その他の事務用機器操作員');
insert into job (largecd,middlecd,smallcd,name) values ('D',0,0,'販売従事者');
insert into job (largecd,middlecd,smallcd,name) values ('D',32,0,'商品販売従事者');
insert into job (largecd,middlecd,smallcd,name) values ('D',32,321,'小売店主・店長');
insert into job (largecd,middlecd,smallcd,name) values ('D',32,322,'卸売店主・店長');
insert into job (largecd,middlecd,smallcd,name) values ('D',32,323,'販売店員');
insert into job (largecd,middlecd,smallcd,name) values ('D',32,324,'商品訪問・移動販売従事者');
insert into job (largecd,middlecd,smallcd,name) values ('D',32,325,'再生資源回収・卸売従事者');
insert into job (largecd,middlecd,smallcd,name) values ('D',32,326,'商品仕入外交員');
insert into job (largecd,middlecd,smallcd,name) values ('D',33,0,'販売類似職業従事者');
insert into job (largecd,middlecd,smallcd,name) values ('D',33,331,'不動産仲介・売買人');
insert into job (largecd,middlecd,smallcd,name) values ('D',33,332,'保険代理・仲立人（ブローカー）');
insert into job (largecd,middlecd,smallcd,name) values ('D',33,333,'有価証券売買・仲立人，金融仲立人');
insert into job (largecd,middlecd,smallcd,name) values ('D',33,334,'質屋店主・店員');
insert into job (largecd,middlecd,smallcd,name) values ('D',33,339,'その他の販売類似職業従事者');
insert into job (largecd,middlecd,smallcd,name) values ('D',34,0,'営業職業従事者');
insert into job (largecd,middlecd,smallcd,name) values ('D',34,341,'食料品営業職業従事者');
insert into job (largecd,middlecd,smallcd,name) values ('D',34,342,'化学品営業職業従事者');
insert into job (largecd,middlecd,smallcd,name) values ('D',34,343,'医薬品営業職業従事者');
insert into job (largecd,middlecd,smallcd,name) values ('D',34,344,'機械器具営業職業従事者（通信機械器具を除く）');
insert into job (largecd,middlecd,smallcd,name) values ('D',34,345,'通信・システム営業職業従事者');
insert into job (largecd,middlecd,smallcd,name) values ('D',34,346,'金融・保険営業職業従事者');
insert into job (largecd,middlecd,smallcd,name) values ('D',34,347,'不動産営業職業従事者');
insert into job (largecd,middlecd,smallcd,name) values ('E',34,349,'その他の営業職業従事者');
insert into job (largecd,middlecd,smallcd,name) values ('E',0,0,'サービス職業従事者');
insert into job (largecd,middlecd,smallcd,name) values ('E',35,0,'家庭生活支援サービス職業従事者');
insert into job (largecd,middlecd,smallcd,name) values ('E',35,351,'家政婦（夫），家事手伝い');
insert into job (largecd,middlecd,smallcd,name) values ('E',35,359,'その他の家庭生活支援サービス職業従事者');
insert into job (largecd,middlecd,smallcd,name) values ('E',36,0,'介護サービス職業従事者');
insert into job (largecd,middlecd,smallcd,name) values ('E',36,361,'介護職員（医療・福祉施設等）');
insert into job (largecd,middlecd,smallcd,name) values ('E',36,362,'訪問介護従事者');
insert into job (largecd,middlecd,smallcd,name) values ('E',37,0,'保健医療サービス職業従事者');
insert into job (largecd,middlecd,smallcd,name) values ('E',37,371,'看護助手');
insert into job (largecd,middlecd,smallcd,name) values ('E',37,372,'歯科助手');
insert into job (largecd,middlecd,smallcd,name) values ('E',37,379,'その他の保健医療サービス職業従事者');
insert into job (largecd,middlecd,smallcd,name) values ('E',38,0,'生活衛生サービス職業従事者');
insert into job (largecd,middlecd,smallcd,name) values ('E',38,381,'理容師');
insert into job (largecd,middlecd,smallcd,name) values ('E',38,382,'美容師');
insert into job (largecd,middlecd,smallcd,name) values ('E',38,383,'美容サービス従事者（美容師を除く）');
insert into job (largecd,middlecd,smallcd,name) values ('E',38,384,'浴場従事者');
insert into job (largecd,middlecd,smallcd,name) values ('E',38,385,'クリーニング職');
insert into job (largecd,middlecd,smallcd,name) values ('E',38,386,'洗張職');
insert into job (largecd,middlecd,smallcd,name) values ('E',39,0,'飲食物調理従事者');
insert into job (largecd,middlecd,smallcd,name) values ('E',39,391,'調理人');
insert into job (largecd,middlecd,smallcd,name) values ('E',39,392,'バーテンダー');
insert into job (largecd,middlecd,smallcd,name) values ('E',40,0,'接客・給仕職業従事者');
insert into job (largecd,middlecd,smallcd,name) values ('E',40,401,'飲食店主・店長');
insert into job (largecd,middlecd,smallcd,name) values ('E',40,402,'旅館主・支配人');
insert into job (largecd,middlecd,smallcd,name) values ('E',40,403,'飲食物給仕従事者');
insert into job (largecd,middlecd,smallcd,name) values ('E',40,404,'身の回り世話従事者');
insert into job (largecd,middlecd,smallcd,name) values ('E',40,405,'接客社交従事者');
insert into job (largecd,middlecd,smallcd,name) values ('E',40,406,'芸者，ダンサー');
insert into job (largecd,middlecd,smallcd,name) values ('E',40,407,'娯楽場等接客員');
insert into job (largecd,middlecd,smallcd,name) values ('E',41,0,'居住施設・ビル等管理人');
insert into job (largecd,middlecd,smallcd,name) values ('E',41,411,'マンション・アパート・下宿管理人');
insert into job (largecd,middlecd,smallcd,name) values ('E',41,412,'寄宿舎・寮管理人');
insert into job (largecd,middlecd,smallcd,name) values ('E',41,413,'ビル管理人');
insert into job (largecd,middlecd,smallcd,name) values ('E',41,414,'駐車場管理人');
insert into job (largecd,middlecd,smallcd,name) values ('E',42,0,'その他のサービス職業従事者');
insert into job (largecd,middlecd,smallcd,name) values ('E',42,421,'旅行・観光案内人');
insert into job (largecd,middlecd,smallcd,name) values ('E',42,422,'物品一時預り人');
insert into job (largecd,middlecd,smallcd,name) values ('E',42,423,'物品賃貸人');
insert into job (largecd,middlecd,smallcd,name) values ('E',42,424,'広告宣伝員');
insert into job (largecd,middlecd,smallcd,name) values ('E',42,425,'葬儀師，火葬作業員');
insert into job (largecd,middlecd,smallcd,name) values ('F',42,429,'他に分類されないサービス職業従事者');
insert into job (largecd,middlecd,smallcd,name) values ('F',0,0,'保安職業従事者');
insert into job (largecd,middlecd,smallcd,name) values ('F',43,0,'自衛官');
insert into job (largecd,middlecd,smallcd,name) values ('F',43,431,'陸上自衛官');
insert into job (largecd,middlecd,smallcd,name) values ('F',43,432,'海上自衛官');
insert into job (largecd,middlecd,smallcd,name) values ('F',43,433,'航空自衛官');
insert into job (largecd,middlecd,smallcd,name) values ('F',43,434,'防衛大学校・防衛医科大学校学生');
insert into job (largecd,middlecd,smallcd,name) values ('F',44,0,'司法警察職員');
insert into job (largecd,middlecd,smallcd,name) values ('F',44,441,'警察官');
insert into job (largecd,middlecd,smallcd,name) values ('F',44,442,'海上保安官');
insert into job (largecd,middlecd,smallcd,name) values ('F',44,449,'その他の司法警察職員');
insert into job (largecd,middlecd,smallcd,name) values ('F',45,0,'その他の保安職業従事者');
insert into job (largecd,middlecd,smallcd,name) values ('F',45,451,'看守');
insert into job (largecd,middlecd,smallcd,name) values ('F',45,452,'消防員');
insert into job (largecd,middlecd,smallcd,name) values ('F',45,453,'警備員');
insert into job (largecd,middlecd,smallcd,name) values ('G',45,459,'他に分類されない保安職業従事者');
insert into job (largecd,middlecd,smallcd,name) values ('G',0,0,'農林漁業従事者');
insert into job (largecd,middlecd,smallcd,name) values ('G',46,0,'農業従事者');
insert into job (largecd,middlecd,smallcd,name) values ('G',46,461,'農耕従事者');
insert into job (largecd,middlecd,smallcd,name) values ('G',46,462,'養畜従事者');
insert into job (largecd,middlecd,smallcd,name) values ('G',46,463,'植木職，造園師');
insert into job (largecd,middlecd,smallcd,name) values ('G',46,469,'その他の農業従事者');
insert into job (largecd,middlecd,smallcd,name) values ('G',47,0,'林業従事者');
insert into job (largecd,middlecd,smallcd,name) values ('G',47,471,'育林従事者');
insert into job (largecd,middlecd,smallcd,name) values ('G',47,472,'伐木・造材・集材従事者');
insert into job (largecd,middlecd,smallcd,name) values ('G',47,479,'その他の林業従事者');
insert into job (largecd,middlecd,smallcd,name) values ('G',48,0,'漁業従事者');
insert into job (largecd,middlecd,smallcd,name) values ('G',48,481,'漁労従事者');
insert into job (largecd,middlecd,smallcd,name) values ('G',48,482,'船長・航海士・機関長・機関士（漁労船）');
insert into job (largecd,middlecd,smallcd,name) values ('G',48,483,'海藻・貝採取従事者');
insert into job (largecd,middlecd,smallcd,name) values ('G',48,484,'水産養殖従事者');
insert into job (largecd,middlecd,smallcd,name) values ('H',48,489,'その他の漁業従事者');
insert into job (largecd,middlecd,smallcd,name) values ('H',0,0,'生産工程従事者');
insert into job (largecd,middlecd,smallcd,name) values ('H',49,0,'生産設備制御・監視従事者（金属製品）');
insert into job (largecd,middlecd,smallcd,name) values ('H',49,491,'製銑・製鋼・非鉄金属製錬設備制御・監視員');
insert into job (largecd,middlecd,smallcd,name) values ('H',49,492,'鋳物製造・鍛造設備制御・監視員');
insert into job (largecd,middlecd,smallcd,name) values ('H',49,493,'金属工作設備制御・監視員');
insert into job (largecd,middlecd,smallcd,name) values ('H',49,494,'金属プレス設備制御・監視員');
insert into job (largecd,middlecd,smallcd,name) values ('H',49,495,'鉄工・製缶設備制御・監視員');
insert into job (largecd,middlecd,smallcd,name) values ('H',49,496,'板金設備制御・監視員');
insert into job (largecd,middlecd,smallcd,name) values ('H',49,497,'金属彫刻・表面処理設備制御・監視員');
insert into job (largecd,middlecd,smallcd,name) values ('H',49,498,'金属溶接・溶断設備制御・監視員');
insert into job (largecd,middlecd,smallcd,name) values ('H',49,499,'その他の生産設備制御・監視従事者（金属製品）');
insert into job (largecd,middlecd,smallcd,name) values ('H',50,0,'生産設備制御・監視従事者（金属製品を除く）');
insert into job (largecd,middlecd,smallcd,name) values ('H',50,501,'化学製品生産設備制御・監視員');
insert into job (largecd,middlecd,smallcd,name) values ('H',50,502,'窯業・土石製品生産設備制御・監視員');
insert into job (largecd,middlecd,smallcd,name) values ('H',50,503,'食料品生産設備制御・監視員');
insert into job (largecd,middlecd,smallcd,name) values ('H',50,504,'飲料・たばこ生産設備制御・監視員');
insert into job (largecd,middlecd,smallcd,name) values ('H',50,505,'紡織・衣服・繊維製品生産設備制御・監視員');
insert into job (largecd,middlecd,smallcd,name) values ('H',50,506,'木・紙製品生産設備制御・監視員');
insert into job (largecd,middlecd,smallcd,name) values ('H',50,507,'印刷・製本設備制御・監視員');
insert into job (largecd,middlecd,smallcd,name) values ('H',50,508,'ゴム・プラスチック製品生産設備制御・監視員');
insert into job (largecd,middlecd,smallcd,name) values ('H',50,509,'その他の生産設備制御・監視従事者（金属製品を除く）');
insert into job (largecd,middlecd,smallcd,name) values ('H',51,0,'機械組立設備制御・監視従事者');
insert into job (largecd,middlecd,smallcd,name) values ('H',51,511,'はん用・生産用・業務用機械器具組立設備制御・監視員');
insert into job (largecd,middlecd,smallcd,name) values ('H',51,512,'電気機械器具組立設備制御・監視員');
insert into job (largecd,middlecd,smallcd,name) values ('H',51,513,'自動車組立設備制御・監視員');
insert into job (largecd,middlecd,smallcd,name) values ('H',51,514,'輸送機械組立設備制御・監視員（自動車を除く）');
insert into job (largecd,middlecd,smallcd,name) values ('H',51,515,'計量計測機器・光学機械器具組立設備制御・監視員');
insert into job (largecd,middlecd,smallcd,name) values ('H',52,0,'製品製造・加工処理従事者（金属製品）');
insert into job (largecd,middlecd,smallcd,name) values ('H',52,521,'製銑・製鋼・非鉄金属製錬従事者');
insert into job (largecd,middlecd,smallcd,name) values ('H',52,522,'鋳物製造・鍛造従事者');
insert into job (largecd,middlecd,smallcd,name) values ('H',52,523,'金属工作機械作業従事者');
insert into job (largecd,middlecd,smallcd,name) values ('H',52,524,'金属プレス従事者');
insert into job (largecd,middlecd,smallcd,name) values ('H',52,525,'鉄工，製缶従事者');
insert into job (largecd,middlecd,smallcd,name) values ('H',52,526,'板金従事者');
insert into job (largecd,middlecd,smallcd,name) values ('H',52,527,'金属彫刻・表面処理従事者');
insert into job (largecd,middlecd,smallcd,name) values ('H',52,528,'金属溶接・溶断従事者');
insert into job (largecd,middlecd,smallcd,name) values ('H',52,529,'その他の製品製造・加工処理従事者（金属製品）');
insert into job (largecd,middlecd,smallcd,name) values ('H',53,0,'製品製造・加工処理従事者（金属製品を除く）');
insert into job (largecd,middlecd,smallcd,name) values ('H',53,531,'化学製品製造従事者');
insert into job (largecd,middlecd,smallcd,name) values ('H',53,532,'窯業・土石製品製造従事者');
insert into job (largecd,middlecd,smallcd,name) values ('H',53,533,'食料品製造従事者');
insert into job (largecd,middlecd,smallcd,name) values ('H',53,534,'飲料・たばこ製造従事者');
insert into job (largecd,middlecd,smallcd,name) values ('H',53,535,'紡織・衣服・繊維製品製造従事者');
insert into job (largecd,middlecd,smallcd,name) values ('H',53,536,'木・紙製品製造従事者');
insert into job (largecd,middlecd,smallcd,name) values ('H',53,537,'印刷・製本従事者');
insert into job (largecd,middlecd,smallcd,name) values ('H',53,538,'ゴム・プラスチック製品製造従事者');
insert into job (largecd,middlecd,smallcd,name) values ('H',53,539,'その他の製品製造・加工処理従事者（金属製品を除く）');
insert into job (largecd,middlecd,smallcd,name) values ('H',54,0,'機械組立従事者');
insert into job (largecd,middlecd,smallcd,name) values ('H',54,541,'はん用・生産用・業務用機械器具組立従事者');
insert into job (largecd,middlecd,smallcd,name) values ('H',54,542,'電気機械器具組立従事者');
insert into job (largecd,middlecd,smallcd,name) values ('H',54,543,'自動車組立従事者');
insert into job (largecd,middlecd,smallcd,name) values ('H',54,544,'輸送機械組立従事者（自動車を除く）');
insert into job (largecd,middlecd,smallcd,name) values ('H',54,545,'計量計測機器・光学機械器具組立従事者');
insert into job (largecd,middlecd,smallcd,name) values ('H',55,0,'機械整備・修理従事者');
insert into job (largecd,middlecd,smallcd,name) values ('H',55,551,'はん用・生産用・業務用機械器具整備・修理従事者');
insert into job (largecd,middlecd,smallcd,name) values ('H',55,552,'電気機械器具整備・修理従事者');
insert into job (largecd,middlecd,smallcd,name) values ('H',55,553,'自動車整備・修理従事者');
insert into job (largecd,middlecd,smallcd,name) values ('H',55,554,'輸送機械整備・修理従事者（自動車を除く）');
insert into job (largecd,middlecd,smallcd,name) values ('H',55,555,'計量計測機器・光学機械器具整備・修理従事者');
insert into job (largecd,middlecd,smallcd,name) values ('H',56,0,'製品検査従事者（金属製品）');
insert into job (largecd,middlecd,smallcd,name) values ('H',56,561,'金属材料検査従事者');
insert into job (largecd,middlecd,smallcd,name) values ('H',56,562,'金属加工・溶接・溶断検査従事者');
insert into job (largecd,middlecd,smallcd,name) values ('H',57,0,'製品検査従事者（金属製品を除く）');
insert into job (largecd,middlecd,smallcd,name) values ('H',57,571,'化学製品検査従事者');
insert into job (largecd,middlecd,smallcd,name) values ('H',57,572,'窯業・土石製品検査従事者');
insert into job (largecd,middlecd,smallcd,name) values ('H',57,573,'食料品検査従事者');
insert into job (largecd,middlecd,smallcd,name) values ('H',57,574,'飲料・たばこ検査従事者');
insert into job (largecd,middlecd,smallcd,name) values ('H',57,575,'紡織・衣服・繊維製品検査従事者');
insert into job (largecd,middlecd,smallcd,name) values ('H',57,576,'木・紙製品検査従事者');
insert into job (largecd,middlecd,smallcd,name) values ('H',57,577,'印刷・製本検査従事者');
insert into job (largecd,middlecd,smallcd,name) values ('H',57,578,'ゴム・プラスチック製品検査従事者');
insert into job (largecd,middlecd,smallcd,name) values ('H',57,579,'その他の製品検査従事者（金属製品を除く）');
insert into job (largecd,middlecd,smallcd,name) values ('H',58,0,'機械検査従事者');
insert into job (largecd,middlecd,smallcd,name) values ('H',58,581,'はん用・生産用・業務用機械器具検査従事者');
insert into job (largecd,middlecd,smallcd,name) values ('H',58,582,'電気機械器具検査従事者');
insert into job (largecd,middlecd,smallcd,name) values ('H',58,583,'自動車検査従事者');
insert into job (largecd,middlecd,smallcd,name) values ('H',58,584,'輸送機械検査従事者（自動車を除く）');
insert into job (largecd,middlecd,smallcd,name) values ('H',58,585,'計量計測機器・光学機械器具検査従事者');
insert into job (largecd,middlecd,smallcd,name) values ('H',59,0,'生産関連・生産類似作業従事者');
insert into job (largecd,middlecd,smallcd,name) values ('H',59,591,'生産関連作業従事者');
insert into job (largecd,middlecd,smallcd,name) values ('I',59,592,'生産類似作業従事者');
insert into job (largecd,middlecd,smallcd,name) values ('I',0,0,'輸送・機械運転従事者');
insert into job (largecd,middlecd,smallcd,name) values ('I',60,0,'鉄道運転従事者');
insert into job (largecd,middlecd,smallcd,name) values ('I',60,601,'電車運転士');
insert into job (largecd,middlecd,smallcd,name) values ('I',60,609,'その他の鉄道運転従事者');
insert into job (largecd,middlecd,smallcd,name) values ('I',61,0,'自動車運転従事者');
insert into job (largecd,middlecd,smallcd,name) values ('I',61,611,'バス運転者');
insert into job (largecd,middlecd,smallcd,name) values ('I',61,612,'乗用自動車運転者');
insert into job (largecd,middlecd,smallcd,name) values ('I',61,613,'貨物自動車運転者');
insert into job (largecd,middlecd,smallcd,name) values ('I',61,619,'その他の自動車運転従事者');
insert into job (largecd,middlecd,smallcd,name) values ('I',62,0,'船舶・航空機運転従事者');
insert into job (largecd,middlecd,smallcd,name) values ('I',62,621,'船長（漁労船を除く）');
insert into job (largecd,middlecd,smallcd,name) values ('I',62,622,'航海士・運航士（漁労船を除く），水先人');
insert into job (largecd,middlecd,smallcd,name) values ('I',62,623,'船舶機関長・機関士（漁労船を除く）');
insert into job (largecd,middlecd,smallcd,name) values ('I',62,624,'航空機操縦士');
insert into job (largecd,middlecd,smallcd,name) values ('I',63,0,'その他の輸送従事者');
insert into job (largecd,middlecd,smallcd,name) values ('I',63,631,'車掌');
insert into job (largecd,middlecd,smallcd,name) values ('I',63,632,'鉄道輸送関連業務従事者');
insert into job (largecd,middlecd,smallcd,name) values ('I',63,633,'甲板員，船舶技士');
insert into job (largecd,middlecd,smallcd,name) values ('I',63,634,'船舶機関員');
insert into job (largecd,middlecd,smallcd,name) values ('I',63,639,'他に分類されない輸送従事者');
insert into job (largecd,middlecd,smallcd,name) values ('I',64,0,'定置・建設機械運転従事者');
insert into job (largecd,middlecd,smallcd,name) values ('I',64,641,'発電員，変電員');
insert into job (largecd,middlecd,smallcd,name) values ('I',64,642,'ボイラー・オペレーター');
insert into job (largecd,middlecd,smallcd,name) values ('I',64,643,'クレーン・ウインチ運転従事者');
insert into job (largecd,middlecd,smallcd,name) values ('I',64,644,'ポンプ・ブロワー・コンプレッサー運転従事者');
insert into job (largecd,middlecd,smallcd,name) values ('I',64,645,'建設・さく井機械運転従事者');
insert into job (largecd,middlecd,smallcd,name) values ('I',64,646,'採油・天然ガス採取機械運転従事者');
insert into job (largecd,middlecd,smallcd,name) values ('J',64,649,'その他の定置・建設機械運転従事者');
insert into job (largecd,middlecd,smallcd,name) values ('J',0,0,'建設・採掘従事者');
insert into job (largecd,middlecd,smallcd,name) values ('J',65,0,'建設躯体工事従事者');
insert into job (largecd,middlecd,smallcd,name) values ('J',65,651,'型枠大工');
insert into job (largecd,middlecd,smallcd,name) values ('J',65,652,'とび職');
insert into job (largecd,middlecd,smallcd,name) values ('J',65,653,'鉄筋作業従事者');
insert into job (largecd,middlecd,smallcd,name) values ('J',66,0,'建設従事者（建設躯体工事従事者を除く）');
insert into job (largecd,middlecd,smallcd,name) values ('J',66,661,'大工');
insert into job (largecd,middlecd,smallcd,name) values ('J',66,662,'ブロック積・タイル張従事者');
insert into job (largecd,middlecd,smallcd,name) values ('J',66,663,'屋根ふき従事者');
insert into job (largecd,middlecd,smallcd,name) values ('J',66,664,'左官');
insert into job (largecd,middlecd,smallcd,name) values ('J',66,665,'畳職');
insert into job (largecd,middlecd,smallcd,name) values ('J',66,666,'配管従事者');
insert into job (largecd,middlecd,smallcd,name) values ('J',66,669,'その他の建設従事者');
insert into job (largecd,middlecd,smallcd,name) values ('J',67,0,'電気工事従事者');
insert into job (largecd,middlecd,smallcd,name) values ('J',67,671,'送電線架線・敷設従事者');
insert into job (largecd,middlecd,smallcd,name) values ('J',67,672,'配電線架線・敷設従事者');
insert into job (largecd,middlecd,smallcd,name) values ('J',67,673,'通信線架線・敷設従事者');
insert into job (largecd,middlecd,smallcd,name) values ('J',67,674,'電気通信設備工事従事者');
insert into job (largecd,middlecd,smallcd,name) values ('J',67,679,'その他の電気工事従事者');
insert into job (largecd,middlecd,smallcd,name) values ('J',68,0,'土木作業従事者');
insert into job (largecd,middlecd,smallcd,name) values ('J',68,681,'土木従事者');
insert into job (largecd,middlecd,smallcd,name) values ('J',68,682,'鉄道線路工事従事者');
insert into job (largecd,middlecd,smallcd,name) values ('J',68,683,'ダム・トンネル掘削従事者');
insert into job (largecd,middlecd,smallcd,name) values ('J',69,0,'採掘従事者');
insert into job (largecd,middlecd,smallcd,name) values ('J',69,691,'採鉱員');
insert into job (largecd,middlecd,smallcd,name) values ('J',69,692,'石切出従事者');
insert into job (largecd,middlecd,smallcd,name) values ('J',69,693,'砂利・砂・粘土採取従事者');
insert into job (largecd,middlecd,smallcd,name) values ('K',69,699,'その他の採掘従事者');
insert into job (largecd,middlecd,smallcd,name) values ('K',0,0,'運搬・清掃・包装等従事者');
insert into job (largecd,middlecd,smallcd,name) values ('K',70,0,'運搬従事者');
insert into job (largecd,middlecd,smallcd,name) values ('K',70,701,'郵便・電報外務員');
insert into job (largecd,middlecd,smallcd,name) values ('K',70,702,'船内・沿岸荷役従事者');
insert into job (largecd,middlecd,smallcd,name) values ('K',70,703,'陸上荷役・運搬従事者');
insert into job (largecd,middlecd,smallcd,name) values ('K',70,704,'倉庫作業従事者');
insert into job (largecd,middlecd,smallcd,name) values ('K',70,705,'配達員');
insert into job (largecd,middlecd,smallcd,name) values ('K',70,706,'荷造従事者');
insert into job (largecd,middlecd,smallcd,name) values ('K',71,0,'清掃従事者');
insert into job (largecd,middlecd,smallcd,name) values ('K',71,711,'ビル・建物清掃員');
insert into job (largecd,middlecd,smallcd,name) values ('K',71,712,'ハウスクリーニング職');
insert into job (largecd,middlecd,smallcd,name) values ('K',71,713,'道路・公園清掃員');
insert into job (largecd,middlecd,smallcd,name) values ('K',71,714,'ごみ・し尿処理従事者');
insert into job (largecd,middlecd,smallcd,name) values ('K',71,715,'産業廃棄物処理従事者');
insert into job (largecd,middlecd,smallcd,name) values ('K',71,719,'その他の清掃従事者');
insert into job (largecd,middlecd,smallcd,name) values ('K',72,0,'包装従事者');
insert into job (largecd,middlecd,smallcd,name) values ('K',72,721,'包装従事者');
insert into job (largecd,middlecd,smallcd,name) values ('K',73,0,'その他の運搬・清掃・包装等従事者');
insert into job (largecd,middlecd,smallcd,name) values ('L',73,739,'その他の運搬・清掃・包装等従事者');
insert into job (largecd,middlecd,smallcd,name) values ('L',0,0,'分類不能の職業');
insert into job (largecd,middlecd,smallcd,name) values ('L',99,0,'分類不能の職業');
insert into job (largecd,middlecd,smallcd,name) values ('L',99,999,'分類不能の職業');




-- 業種マスタのサンプルデータ
insert into jobcategory (largecd,middlecd,smallcd,name) values ('A',0,0,'農業，林業');
insert into jobcategory (largecd,middlecd,smallcd,name) values ('A',1,0,'農業');
insert into jobcategory (largecd,middlecd,smallcd,name) values ('A',1,10,'管理，補助的経済活動を行う事業所（01農業）');
insert into jobcategory (largecd,middlecd,smallcd,name) values ('A',1,11,'耕種農業');
insert into jobcategory (largecd,middlecd,smallcd,name) values ('A',1,12,'畜産農業');
insert into jobcategory (largecd,middlecd,smallcd,name) values ('A',1,13,'農業サービス業（園芸サービス業を除く）');
insert into jobcategory (largecd,middlecd,smallcd,name) values ('A',1,14,'園芸サービス業');
insert into jobcategory (largecd,middlecd,smallcd,name) values ('A',2,0,'林業');
insert into jobcategory (largecd,middlecd,smallcd,name) values ('A',2,20,'管理，補助的経済活動を行う事業所（02林業）');
insert into jobcategory (largecd,middlecd,smallcd,name) values ('A',2,21,'育林業');
insert into jobcategory (largecd,middlecd,smallcd,name) values ('A',2,22,'素材生産業');
insert into jobcategory (largecd,middlecd,smallcd,name) values ('A',2,23,'特用林産物生産業（きのこ類の栽培を除く）');
insert into jobcategory (largecd,middlecd,smallcd,name) values ('A',2,24,'林業サービス業');
insert into jobcategory (largecd,middlecd,smallcd,name) values ('A',2,29,'その他の林業');
insert into jobcategory (largecd,middlecd,smallcd,name) values ('B',0,0,'漁業');
insert into jobcategory (largecd,middlecd,smallcd,name) values ('B',3,0,'漁業（水産養殖業を除く）');
insert into jobcategory (largecd,middlecd,smallcd,name) values ('B',3,30,'管理，補助的経済活動を行う事業所（03漁業）');
insert into jobcategory (largecd,middlecd,smallcd,name) values ('B',3,31,'海面漁業');
insert into jobcategory (largecd,middlecd,smallcd,name) values ('B',3,32,'内水面漁業');
insert into jobcategory (largecd,middlecd,smallcd,name) values ('B',4,0,'水産養殖業');
insert into jobcategory (largecd,middlecd,smallcd,name) values ('B',4,40,'管理，補助的経済活動を行う事業所（04水産養殖業）');
insert into jobcategory (largecd,middlecd,smallcd,name) values ('B',4,41,'海面養殖業');
insert into jobcategory (largecd,middlecd,smallcd,name) values ('B',4,42,'内水面養殖業');
insert into jobcategory (largecd,middlecd,smallcd,name) values ('C',0,0,'鉱業，採石業，砂利採取業');
insert into jobcategory (largecd,middlecd,smallcd,name) values ('C',5,0,'鉱業，採石業，砂利採取業');
insert into jobcategory (largecd,middlecd,smallcd,name) values ('C',5,50,'管理，補助的経済活動を行う事業所（05鉱業，採石業，砂利採取業）');
insert into jobcategory (largecd,middlecd,smallcd,name) values ('C',5,51,'金属鉱業');
insert into jobcategory (largecd,middlecd,smallcd,name) values ('C',5,52,'石炭・亜炭鉱業');
insert into jobcategory (largecd,middlecd,smallcd,name) values ('C',5,53,'原油・天然ガス鉱業');
insert into jobcategory (largecd,middlecd,smallcd,name) values ('C',5,54,'採石業，砂・砂利・玉石採取業');
insert into jobcategory (largecd,middlecd,smallcd,name) values ('C',5,55,'窯業原料用鉱物鉱業（耐火物・陶磁器・ガラス・セメント原料用に限る）');
insert into jobcategory (largecd,middlecd,smallcd,name) values ('C',5,59,'その他の鉱業');
insert into jobcategory (largecd,middlecd,smallcd,name) values ('D',0,0,'建設業');
insert into jobcategory (largecd,middlecd,smallcd,name) values ('D',6,0,'総合工事業');
insert into jobcategory (largecd,middlecd,smallcd,name) values ('D',6,60,'管理，補助的経済活動を行う事業所（06総合工事業）');
insert into jobcategory (largecd,middlecd,smallcd,name) values ('D',6,61,'一般土木建築工事業');
insert into jobcategory (largecd,middlecd,smallcd,name) values ('D',6,62,'土木工事業（舗装工事業を除く）');
insert into jobcategory (largecd,middlecd,smallcd,name) values ('D',6,63,'舗装工事業');
insert into jobcategory (largecd,middlecd,smallcd,name) values ('D',6,64,'建築工事業(木造建築工事業を除く)');
insert into jobcategory (largecd,middlecd,smallcd,name) values ('D',6,65,'木造建築工事業');
insert into jobcategory (largecd,middlecd,smallcd,name) values ('D',6,66,'建築リフォーム工事業');
insert into jobcategory (largecd,middlecd,smallcd,name) values ('D',7,0,'職別工事業(設備工事業を除く)');
insert into jobcategory (largecd,middlecd,smallcd,name) values ('D',7,70,'管理，補助的経済活動を行う事業所（07職別工事業）');
insert into jobcategory (largecd,middlecd,smallcd,name) values ('D',7,71,'大工工事業');
insert into jobcategory (largecd,middlecd,smallcd,name) values ('D',7,72,'とび・土工・コンクリート工事業');
insert into jobcategory (largecd,middlecd,smallcd,name) values ('D',7,73,'鉄骨・鉄筋工事業');
insert into jobcategory (largecd,middlecd,smallcd,name) values ('D',7,74,'石工・れんが・タイル・ブロック工事業');
insert into jobcategory (largecd,middlecd,smallcd,name) values ('D',7,75,'左官工事業');
insert into jobcategory (largecd,middlecd,smallcd,name) values ('D',7,76,'板金・金物工事業');
insert into jobcategory (largecd,middlecd,smallcd,name) values ('D',7,77,'塗装工事業');
insert into jobcategory (largecd,middlecd,smallcd,name) values ('D',7,78,'床・内装工事業');
insert into jobcategory (largecd,middlecd,smallcd,name) values ('D',7,79,'その他の職別工事業');
insert into jobcategory (largecd,middlecd,smallcd,name) values ('D',8,0,'設備工事業');
insert into jobcategory (largecd,middlecd,smallcd,name) values ('D',8,80,'管理，補助的経済活動を行う事業所（08設備工事業）');
insert into jobcategory (largecd,middlecd,smallcd,name) values ('D',8,81,'電気工事業');
insert into jobcategory (largecd,middlecd,smallcd,name) values ('D',8,82,'電気通信・信号装置工事業');
insert into jobcategory (largecd,middlecd,smallcd,name) values ('D',8,83,'管工事業（さく井工事業を除く）');
insert into jobcategory (largecd,middlecd,smallcd,name) values ('D',8,84,'機械器具設置工事業');
insert into jobcategory (largecd,middlecd,smallcd,name) values ('D',8,89,'その他の設備工事業');
insert into jobcategory (largecd,middlecd,smallcd,name) values ('E',0,0,'製造業');
insert into jobcategory (largecd,middlecd,smallcd,name) values ('E',9,0,'食料品製造業');
insert into jobcategory (largecd,middlecd,smallcd,name) values ('E',9,90,'管理，補助的経済活動を行う事業所（09食料品製造業）');
insert into jobcategory (largecd,middlecd,smallcd,name) values ('E',9,91,'畜産食料品製造業');
insert into jobcategory (largecd,middlecd,smallcd,name) values ('E',9,92,'水産食料品製造業');
insert into jobcategory (largecd,middlecd,smallcd,name) values ('E',9,93,'野菜缶詰・果実缶詰・農産保存食料品製造業');
insert into jobcategory (largecd,middlecd,smallcd,name) values ('E',9,94,'調味料製造業');
insert into jobcategory (largecd,middlecd,smallcd,name) values ('E',9,95,'糖類製造業');
insert into jobcategory (largecd,middlecd,smallcd,name) values ('E',9,96,'精穀・製粉業');
insert into jobcategory (largecd,middlecd,smallcd,name) values ('E',9,97,'パン・菓子製造業');
insert into jobcategory (largecd,middlecd,smallcd,name) values ('E',9,98,'動植物油脂製造業');
insert into jobcategory (largecd,middlecd,smallcd,name) values ('E',9,99,'その他の食料品製造業');
insert into jobcategory (largecd,middlecd,smallcd,name) values ('E',10,0,'飲料・たばこ・飼料製造業');
insert into jobcategory (largecd,middlecd,smallcd,name) values ('E',10,100,'管理，補助的経済活動を行う事業所（10飲料・たばこ・飼料製造業）');
insert into jobcategory (largecd,middlecd,smallcd,name) values ('E',10,101,'清涼飲料製造業');
insert into jobcategory (largecd,middlecd,smallcd,name) values ('E',10,102,'酒類製造業');
insert into jobcategory (largecd,middlecd,smallcd,name) values ('E',10,103,'茶・コーヒー製造業（清涼飲料を除く）');
insert into jobcategory (largecd,middlecd,smallcd,name) values ('E',10,104,'製氷業');
insert into jobcategory (largecd,middlecd,smallcd,name) values ('E',10,105,'たばこ製造業');
insert into jobcategory (largecd,middlecd,smallcd,name) values ('E',10,106,'飼料・有機質肥料製造業');
insert into jobcategory (largecd,middlecd,smallcd,name) values ('E',11,0,'繊維工業');
insert into jobcategory (largecd,middlecd,smallcd,name) values ('E',11,110,'管理，補助的経済活動を行う事業所（11繊維工業）');
insert into jobcategory (largecd,middlecd,smallcd,name) values ('E',11,111,'製糸業，紡績業，化学繊維・ねん糸等製造業');
insert into jobcategory (largecd,middlecd,smallcd,name) values ('E',11,112,'織物業');
insert into jobcategory (largecd,middlecd,smallcd,name) values ('E',11,113,'ニット生地製造業');
insert into jobcategory (largecd,middlecd,smallcd,name) values ('E',11,114,'染色整理業');
insert into jobcategory (largecd,middlecd,smallcd,name) values ('E',11,115,'綱・網・レース・繊維粗製品製造業');
insert into jobcategory (largecd,middlecd,smallcd,name) values ('E',11,116,'外衣・シャツ製造業（和式を除く）');
insert into jobcategory (largecd,middlecd,smallcd,name) values ('E',11,117,'下着類製造業');
insert into jobcategory (largecd,middlecd,smallcd,name) values ('E',11,118,'和装製品・その他の衣服・繊維製身の回り品製造業');
insert into jobcategory (largecd,middlecd,smallcd,name) values ('E',11,119,'その他の繊維製品製造業');
insert into jobcategory (largecd,middlecd,smallcd,name) values ('E',12,0,'木材・木製品製造業（家具を除く）');
insert into jobcategory (largecd,middlecd,smallcd,name) values ('E',12,120,'管理，補助的経済活動を行う事業所（12木材・木製品製造業）');
insert into jobcategory (largecd,middlecd,smallcd,name) values ('E',12,121,'製材業，木製品製造業');
insert into jobcategory (largecd,middlecd,smallcd,name) values ('E',12,122,'造作材・合板・建築用組立材料製造業');
insert into jobcategory (largecd,middlecd,smallcd,name) values ('E',12,123,'木製容器製造業（竹，とうを含む）');
insert into jobcategory (largecd,middlecd,smallcd,name) values ('E',12,129,'その他の木製品製造業(竹，とうを含む)');
insert into jobcategory (largecd,middlecd,smallcd,name) values ('E',13,0,'家具・装備品製造業');
insert into jobcategory (largecd,middlecd,smallcd,name) values ('E',13,130,'管理，補助的経済活動を行う事業所（13家具・装備品製造業）');
insert into jobcategory (largecd,middlecd,smallcd,name) values ('E',13,131,'家具製造業');
insert into jobcategory (largecd,middlecd,smallcd,name) values ('E',13,132,'宗教用具製造業');
insert into jobcategory (largecd,middlecd,smallcd,name) values ('E',13,133,'建具製造業');
insert into jobcategory (largecd,middlecd,smallcd,name) values ('E',13,139,'その他の家具・装備品製造業');
insert into jobcategory (largecd,middlecd,smallcd,name) values ('E',14,0,'パルプ・紙・紙加工品製造業');
insert into jobcategory (largecd,middlecd,smallcd,name) values ('E',14,140,'管理，補助的経済活動を行う事業所（14パルプ・紙・紙加工品製造業）');
insert into jobcategory (largecd,middlecd,smallcd,name) values ('E',14,141,'パルプ製造業');
insert into jobcategory (largecd,middlecd,smallcd,name) values ('E',14,142,'紙製造業');
insert into jobcategory (largecd,middlecd,smallcd,name) values ('E',14,143,'加工紙製造業');
insert into jobcategory (largecd,middlecd,smallcd,name) values ('E',14,144,'紙製品製造業');
insert into jobcategory (largecd,middlecd,smallcd,name) values ('E',14,145,'紙製容器製造業');
insert into jobcategory (largecd,middlecd,smallcd,name) values ('E',14,149,'その他のパルプ・紙・紙加工品製造業');
insert into jobcategory (largecd,middlecd,smallcd,name) values ('E',15,0,'印刷・同関連業');
insert into jobcategory (largecd,middlecd,smallcd,name) values ('E',15,150,'管理，補助的経済活動を行う事業所（15印刷・同関連業）');
insert into jobcategory (largecd,middlecd,smallcd,name) values ('E',15,151,'印刷業');
insert into jobcategory (largecd,middlecd,smallcd,name) values ('E',15,152,'製版業');
insert into jobcategory (largecd,middlecd,smallcd,name) values ('E',15,153,'製本業，印刷物加工業');
insert into jobcategory (largecd,middlecd,smallcd,name) values ('E',15,159,'印刷関連サービス業');
insert into jobcategory (largecd,middlecd,smallcd,name) values ('E',16,0,'化学工業');
insert into jobcategory (largecd,middlecd,smallcd,name) values ('E',16,160,'管理，補助的経済活動を行う事業所（16化学工業）');
insert into jobcategory (largecd,middlecd,smallcd,name) values ('E',16,161,'化学肥料製造業');
insert into jobcategory (largecd,middlecd,smallcd,name) values ('E',16,162,'無機化学工業製品製造業');
insert into jobcategory (largecd,middlecd,smallcd,name) values ('E',16,163,'有機化学工業製品製造業');
insert into jobcategory (largecd,middlecd,smallcd,name) values ('E',16,164,'油脂加工製品・石けん・合成洗剤・界面活性剤・塗料製造業');
insert into jobcategory (largecd,middlecd,smallcd,name) values ('E',16,165,'医薬品製造業');
insert into jobcategory (largecd,middlecd,smallcd,name) values ('E',16,166,'化粧品・歯磨・その他の化粧用調整品製造業');
insert into jobcategory (largecd,middlecd,smallcd,name) values ('E',16,169,'その他の化学工業');
insert into jobcategory (largecd,middlecd,smallcd,name) values ('E',17,0,'石油製品・石炭製品製造業');
insert into jobcategory (largecd,middlecd,smallcd,name) values ('E',17,170,'管理，補助的経済活動を行う事業所（17石油製品・石炭製品製造業）');
insert into jobcategory (largecd,middlecd,smallcd,name) values ('E',17,171,'石油精製業');
insert into jobcategory (largecd,middlecd,smallcd,name) values ('E',17,172,'潤滑油・グリース製造業（石油精製業によらないもの）');
insert into jobcategory (largecd,middlecd,smallcd,name) values ('E',17,173,'コークス製造業');
insert into jobcategory (largecd,middlecd,smallcd,name) values ('E',17,174,'舗装材料製造業');
insert into jobcategory (largecd,middlecd,smallcd,name) values ('E',17,179,'その他の石油製品・石炭製品製造業');
insert into jobcategory (largecd,middlecd,smallcd,name) values ('E',18,0,'プラスチック製品製造業（別掲を除く）');
insert into jobcategory (largecd,middlecd,smallcd,name) values ('E',18,180,'管理，補助的経済活動を行う事業所（18プラスチック製品製造業）');
insert into jobcategory (largecd,middlecd,smallcd,name) values ('E',18,181,'プラスチック板・棒・管・継手・異形押出製品製造業');
insert into jobcategory (largecd,middlecd,smallcd,name) values ('E',18,182,'プラスチックフィルム・シート・床材・合成皮革製造業');
insert into jobcategory (largecd,middlecd,smallcd,name) values ('E',18,183,'工業用プラスチック製品製造業');
insert into jobcategory (largecd,middlecd,smallcd,name) values ('E',18,184,'発泡・強化プラスチック製品製造業');
insert into jobcategory (largecd,middlecd,smallcd,name) values ('E',18,185,'プラスチック成形材料製造業（廃プラスチックを含む）');
insert into jobcategory (largecd,middlecd,smallcd,name) values ('E',18,189,'その他のプラスチック製品製造業');
insert into jobcategory (largecd,middlecd,smallcd,name) values ('E',19,0,'ゴム製品製造業');
insert into jobcategory (largecd,middlecd,smallcd,name) values ('E',19,190,'管理，補助的経済活動を行う事業所（19ゴム製品製造業）');
insert into jobcategory (largecd,middlecd,smallcd,name) values ('E',19,191,'タイヤ・チューブ製造業');
insert into jobcategory (largecd,middlecd,smallcd,name) values ('E',19,192,'ゴム製・プラスチック製履物・同附属品製造業');
insert into jobcategory (largecd,middlecd,smallcd,name) values ('E',19,193,'ゴムベルト・ゴムホース・工業用ゴム製品製造業');
insert into jobcategory (largecd,middlecd,smallcd,name) values ('E',19,199,'その他のゴム製品製造業');
insert into jobcategory (largecd,middlecd,smallcd,name) values ('E',20,0,'なめし革・同製品・毛皮製造業');
insert into jobcategory (largecd,middlecd,smallcd,name) values ('E',20,200,'管理，補助的経済活動を行う事業所（20なめし革・同製品・毛皮製造業）');
insert into jobcategory (largecd,middlecd,smallcd,name) values ('E',20,201,'なめし革製造業');
insert into jobcategory (largecd,middlecd,smallcd,name) values ('E',20,202,'工業用革製品製造業（手袋を除く）');
insert into jobcategory (largecd,middlecd,smallcd,name) values ('E',20,203,'革製履物用材料・同附属品製造業');
insert into jobcategory (largecd,middlecd,smallcd,name) values ('E',20,204,'革製履物製造業');
insert into jobcategory (largecd,middlecd,smallcd,name) values ('E',20,205,'革製手袋製造業');
insert into jobcategory (largecd,middlecd,smallcd,name) values ('E',20,206,'かばん製造業');
insert into jobcategory (largecd,middlecd,smallcd,name) values ('E',20,207,'袋物製造業');
insert into jobcategory (largecd,middlecd,smallcd,name) values ('E',20,208,'毛皮製造業');
insert into jobcategory (largecd,middlecd,smallcd,name) values ('E',20,209,'その他のなめし革製品製造業');
insert into jobcategory (largecd,middlecd,smallcd,name) values ('E',21,0,'窯業・土石製品製造業');
insert into jobcategory (largecd,middlecd,smallcd,name) values ('E',21,210,'管理，補助的経済活動を行う事業所（21窯業・土石製品製造業）');
insert into jobcategory (largecd,middlecd,smallcd,name) values ('E',21,211,'ガラス・同製品製造業');
insert into jobcategory (largecd,middlecd,smallcd,name) values ('E',21,212,'セメント・同製品製造業');
insert into jobcategory (largecd,middlecd,smallcd,name) values ('E',21,213,'建設用粘土製品製造業（陶磁器製を除く)');
insert into jobcategory (largecd,middlecd,smallcd,name) values ('E',21,214,'陶磁器・同関連製品製造業');
insert into jobcategory (largecd,middlecd,smallcd,name) values ('E',21,215,'耐火物製造業');
insert into jobcategory (largecd,middlecd,smallcd,name) values ('E',21,216,'炭素・黒鉛製品製造業');
insert into jobcategory (largecd,middlecd,smallcd,name) values ('E',21,217,'研磨材・同製品製造業');
insert into jobcategory (largecd,middlecd,smallcd,name) values ('E',21,218,'骨材・石工品等製造業');
insert into jobcategory (largecd,middlecd,smallcd,name) values ('E',21,219,'その他の窯業・土石製品製造業');
insert into jobcategory (largecd,middlecd,smallcd,name) values ('E',22,0,'鉄鋼業');
insert into jobcategory (largecd,middlecd,smallcd,name) values ('E',22,220,'管理，補助的経済活動を行う事業所（22鉄鋼業）');
insert into jobcategory (largecd,middlecd,smallcd,name) values ('E',22,221,'製鉄業');
insert into jobcategory (largecd,middlecd,smallcd,name) values ('E',22,222,'製鋼・製鋼圧延業');
insert into jobcategory (largecd,middlecd,smallcd,name) values ('E',22,223,'製鋼を行わない鋼材製造業（表面処理鋼材を除く）');
insert into jobcategory (largecd,middlecd,smallcd,name) values ('E',22,224,'表面処理鋼材製造業');
insert into jobcategory (largecd,middlecd,smallcd,name) values ('E',22,225,'鉄素形材製造業');
insert into jobcategory (largecd,middlecd,smallcd,name) values ('E',22,229,'その他の鉄鋼業');
insert into jobcategory (largecd,middlecd,smallcd,name) values ('E',23,0,'非鉄金属製造業');
insert into jobcategory (largecd,middlecd,smallcd,name) values ('E',23,230,'管理，補助的経済活動を行う事業所（23非鉄金属製造業）');
insert into jobcategory (largecd,middlecd,smallcd,name) values ('E',23,231,'非鉄金属第1次製錬・精製業');
insert into jobcategory (largecd,middlecd,smallcd,name) values ('E',23,232,'非鉄金属第2次製錬・精製業（非鉄金属合金製造業を含む）');
insert into jobcategory (largecd,middlecd,smallcd,name) values ('E',23,233,'非鉄金属・同合金圧延業（抽伸，押出しを含む）');
insert into jobcategory (largecd,middlecd,smallcd,name) values ('E',23,234,'電線・ケーブル製造業');
insert into jobcategory (largecd,middlecd,smallcd,name) values ('E',23,235,'非鉄金属素形材製造業');
insert into jobcategory (largecd,middlecd,smallcd,name) values ('E',23,239,'その他の非鉄金属製造業');
insert into jobcategory (largecd,middlecd,smallcd,name) values ('E',24,0,'金属製品製造業');
insert into jobcategory (largecd,middlecd,smallcd,name) values ('E',24,240,'管理，補助的経済活動を行う事業所（24金属製品製造業）');
insert into jobcategory (largecd,middlecd,smallcd,name) values ('E',24,241,'ブリキ缶・その他のめっき板等製品製造業');
insert into jobcategory (largecd,middlecd,smallcd,name) values ('E',24,242,'洋食器・刃物・手道具・金物類製造業');
insert into jobcategory (largecd,middlecd,smallcd,name) values ('E',24,243,'暖房・調理等装置');
insert into jobcategory (largecd,middlecd,smallcd,name) values ('E',24,244,'建設用・建築用金属製品製造業（製缶板金業を含む)');
insert into jobcategory (largecd,middlecd,smallcd,name) values ('E',24,245,'金属素形材製品製造業');
insert into jobcategory (largecd,middlecd,smallcd,name) values ('E',24,246,'金属被覆・彫刻業，熱処理業（ほうろう鉄器を除く）');
insert into jobcategory (largecd,middlecd,smallcd,name) values ('E',24,247,'金属線製品製造業（ねじ類を除く)');
insert into jobcategory (largecd,middlecd,smallcd,name) values ('E',24,248,'ボルト・ナット・リベット・小ねじ・木ねじ等製造業');
insert into jobcategory (largecd,middlecd,smallcd,name) values ('E',24,249,'その他の金属製品製造業');
insert into jobcategory (largecd,middlecd,smallcd,name) values ('E',25,0,'はん用機械器具製造業');
insert into jobcategory (largecd,middlecd,smallcd,name) values ('E',25,250,'管理，補助的経済活動を行う事業所（25はん用機械器具製造業）');
insert into jobcategory (largecd,middlecd,smallcd,name) values ('E',25,251,'ボイラ・原動機製造業');
insert into jobcategory (largecd,middlecd,smallcd,name) values ('E',25,252,'ポンプ・圧縮機器製造業');
insert into jobcategory (largecd,middlecd,smallcd,name) values ('E',25,253,'一般産業用機械・装置製造業');
insert into jobcategory (largecd,middlecd,smallcd,name) values ('E',25,259,'その他のはん用機械・同部分品製造業');
insert into jobcategory (largecd,middlecd,smallcd,name) values ('E',26,0,'生産用機械器具製造業');
insert into jobcategory (largecd,middlecd,smallcd,name) values ('E',26,260,'管理，補助的経済活動を行う事業所（26生産用機械器具製造業）');
insert into jobcategory (largecd,middlecd,smallcd,name) values ('E',26,261,'農業用機械製造業（農業用器具を除く）');
insert into jobcategory (largecd,middlecd,smallcd,name) values ('E',26,262,'建設機械・鉱山機械製造業');
insert into jobcategory (largecd,middlecd,smallcd,name) values ('E',26,263,'繊維機械製造業');
insert into jobcategory (largecd,middlecd,smallcd,name) values ('E',26,264,'生活関連産業用機械製造業');
insert into jobcategory (largecd,middlecd,smallcd,name) values ('E',26,265,'基礎素材産業用機械製造業');
insert into jobcategory (largecd,middlecd,smallcd,name) values ('E',26,266,'金属加工機械製造業');
insert into jobcategory (largecd,middlecd,smallcd,name) values ('E',26,267,'半導体・フラットパネルディスプレイ製造装置製造業');
insert into jobcategory (largecd,middlecd,smallcd,name) values ('E',26,269,'その他の生産用機械・同部分品製造業');
insert into jobcategory (largecd,middlecd,smallcd,name) values ('E',27,0,'業務用機械器具製造業');
insert into jobcategory (largecd,middlecd,smallcd,name) values ('E',27,270,'管理，補助的経済活動を行う事業所（27業務用機械器具製造業）');
insert into jobcategory (largecd,middlecd,smallcd,name) values ('E',27,271,'事務用機械器具製造業');
insert into jobcategory (largecd,middlecd,smallcd,name) values ('E',27,272,'サービス用・娯楽用機械器具製造業');
insert into jobcategory (largecd,middlecd,smallcd,name) values ('E',27,273,'計量器・測定器・分析機器・試験機・測量機械器具・理化学機械器具製造業');
insert into jobcategory (largecd,middlecd,smallcd,name) values ('E',27,274,'医療用機械器具・医療用品製造業');
insert into jobcategory (largecd,middlecd,smallcd,name) values ('E',27,275,'光学機械器具・レンズ製造業');
insert into jobcategory (largecd,middlecd,smallcd,name) values ('E',27,276,'武器製造業');
insert into jobcategory (largecd,middlecd,smallcd,name) values ('E',28,0,'電子部品・デバイス・電子回路製造業');
insert into jobcategory (largecd,middlecd,smallcd,name) values ('E',28,280,'管理，補助的経済活動を行う事業所（28電子部品・デバイス・電子回路製造業）');
insert into jobcategory (largecd,middlecd,smallcd,name) values ('E',28,281,'電子デバイス製造業');
insert into jobcategory (largecd,middlecd,smallcd,name) values ('E',28,282,'電子部品製造業');
insert into jobcategory (largecd,middlecd,smallcd,name) values ('E',28,283,'記録メディア製造業');
insert into jobcategory (largecd,middlecd,smallcd,name) values ('E',28,284,'電子回路製造業');
insert into jobcategory (largecd,middlecd,smallcd,name) values ('E',28,285,'ユニット部品製造業');
insert into jobcategory (largecd,middlecd,smallcd,name) values ('E',28,289,'その他の電子部品・デバイス・電子回路製造業');
insert into jobcategory (largecd,middlecd,smallcd,name) values ('E',29,0,'電気機械器具製造業');
insert into jobcategory (largecd,middlecd,smallcd,name) values ('E',29,290,'管理，補助的経済活動を行う事業所（29電気機械器具製造業）');
insert into jobcategory (largecd,middlecd,smallcd,name) values ('E',29,291,'発電用・送電用・配電用電気機械器具製造業');
insert into jobcategory (largecd,middlecd,smallcd,name) values ('E',29,292,'産業用電気機械器具製造業');
insert into jobcategory (largecd,middlecd,smallcd,name) values ('E',29,293,'民生用電気機械器具製造業');
insert into jobcategory (largecd,middlecd,smallcd,name) values ('E',29,294,'電球・電気照明器具製造業');
insert into jobcategory (largecd,middlecd,smallcd,name) values ('E',29,295,'電池製造業');
insert into jobcategory (largecd,middlecd,smallcd,name) values ('E',29,296,'電子応用装置製造業');
insert into jobcategory (largecd,middlecd,smallcd,name) values ('E',29,297,'電気計測器製造業');
insert into jobcategory (largecd,middlecd,smallcd,name) values ('E',29,299,'その他の電気機械器具製造業');
insert into jobcategory (largecd,middlecd,smallcd,name) values ('E',30,0,'情報通信機械器具製造業');
insert into jobcategory (largecd,middlecd,smallcd,name) values ('E',30,300,'管理，補助的経済活動を行う事業所（30情報通信機械器具製造業）');
insert into jobcategory (largecd,middlecd,smallcd,name) values ('E',30,301,'通信機械器具・同関連機械器具製造業');
insert into jobcategory (largecd,middlecd,smallcd,name) values ('E',30,302,'映像・音響機械器具製造業');
insert into jobcategory (largecd,middlecd,smallcd,name) values ('E',30,303,'電子計算機・同附属装置製造業');
insert into jobcategory (largecd,middlecd,smallcd,name) values ('E',31,0,'輸送用機械器具製造業');
insert into jobcategory (largecd,middlecd,smallcd,name) values ('E',31,310,'管理，補助的経済活動を行う事業所（31輸送用機械器具製造業）');
insert into jobcategory (largecd,middlecd,smallcd,name) values ('E',31,311,'自動車・同附属品製造業');
insert into jobcategory (largecd,middlecd,smallcd,name) values ('E',31,312,'鉄道車両・同部分品製造業');
insert into jobcategory (largecd,middlecd,smallcd,name) values ('E',31,313,'船舶製造・修理業，舶用機関製造業');
insert into jobcategory (largecd,middlecd,smallcd,name) values ('E',31,314,'航空機・同附属品製造業');
insert into jobcategory (largecd,middlecd,smallcd,name) values ('E',31,315,'産業用運搬車両・同部分品・附属品製造業');
insert into jobcategory (largecd,middlecd,smallcd,name) values ('E',31,319,'その他の輸送用機械器具製造業');
insert into jobcategory (largecd,middlecd,smallcd,name) values ('E',32,0,'その他の製造業');
insert into jobcategory (largecd,middlecd,smallcd,name) values ('E',32,320,'管理，補助的経済活動を行う事業所（32その他の製造業）');
insert into jobcategory (largecd,middlecd,smallcd,name) values ('E',32,321,'貴金属・宝石製品製造業');
insert into jobcategory (largecd,middlecd,smallcd,name) values ('E',32,322,'装身具・装飾品・ボタン・同関連品製造業（貴金属・宝石製を除く）');
insert into jobcategory (largecd,middlecd,smallcd,name) values ('E',32,323,'時計・同部分品製造業');
insert into jobcategory (largecd,middlecd,smallcd,name) values ('E',32,324,'楽器製造業');
insert into jobcategory (largecd,middlecd,smallcd,name) values ('E',32,325,'がん具・運動用具製造業');
insert into jobcategory (largecd,middlecd,smallcd,name) values ('E',32,326,'ペン・鉛筆・絵画用品・その他の事務用品製造業');
insert into jobcategory (largecd,middlecd,smallcd,name) values ('E',32,327,'漆器製造業');
insert into jobcategory (largecd,middlecd,smallcd,name) values ('E',32,328,'畳等生活雑貨製品製造業');
insert into jobcategory (largecd,middlecd,smallcd,name) values ('E',32,329,'他に分類されない製造業');
insert into jobcategory (largecd,middlecd,smallcd,name) values ('F',0,0,'電気・ガス・熱供給・水道業');
insert into jobcategory (largecd,middlecd,smallcd,name) values ('F',33,0,'電気業');
insert into jobcategory (largecd,middlecd,smallcd,name) values ('F',33,330,'管理，補助的経済活動を行う事業所（33電気業）');
insert into jobcategory (largecd,middlecd,smallcd,name) values ('F',33,331,'電気業');
insert into jobcategory (largecd,middlecd,smallcd,name) values ('F',34,0,'ガス業');
insert into jobcategory (largecd,middlecd,smallcd,name) values ('F',34,340,'管理，補助的経済活動を行う事業所（34ガス業）');
insert into jobcategory (largecd,middlecd,smallcd,name) values ('F',34,341,'ガス業');
insert into jobcategory (largecd,middlecd,smallcd,name) values ('F',35,0,'熱供給業');
insert into jobcategory (largecd,middlecd,smallcd,name) values ('F',35,350,'管理，補助的経済活動を行う事業所（35熱供給業）');
insert into jobcategory (largecd,middlecd,smallcd,name) values ('F',35,351,'熱供給業');
insert into jobcategory (largecd,middlecd,smallcd,name) values ('F',36,0,'水道業');
insert into jobcategory (largecd,middlecd,smallcd,name) values ('F',36,360,'管理，補助的経済活動を行う事業所（36水道業）');
insert into jobcategory (largecd,middlecd,smallcd,name) values ('F',36,361,'上水道業');
insert into jobcategory (largecd,middlecd,smallcd,name) values ('F',36,362,'工業用水道業');
insert into jobcategory (largecd,middlecd,smallcd,name) values ('F',36,363,'下水道業');
insert into jobcategory (largecd,middlecd,smallcd,name) values ('G',0,0,'情報通信業');
insert into jobcategory (largecd,middlecd,smallcd,name) values ('G',37,0,'通信業');
insert into jobcategory (largecd,middlecd,smallcd,name) values ('G',37,370,'管理，補助的経済活動を行う事業所（37通信業）');
insert into jobcategory (largecd,middlecd,smallcd,name) values ('G',37,371,'固定電気通信業');
insert into jobcategory (largecd,middlecd,smallcd,name) values ('G',37,372,'移動電気通信業');
insert into jobcategory (largecd,middlecd,smallcd,name) values ('G',37,373,'電気通信に附帯するサービス業');
insert into jobcategory (largecd,middlecd,smallcd,name) values ('G',38,0,'放送業');
insert into jobcategory (largecd,middlecd,smallcd,name) values ('G',38,380,'管理，補助的経済活動を行う事業所（38放送業）');
insert into jobcategory (largecd,middlecd,smallcd,name) values ('G',38,381,'公共放送業（有線放送業を除く）');
insert into jobcategory (largecd,middlecd,smallcd,name) values ('G',38,382,'民間放送業（有線放送業を除く）');
insert into jobcategory (largecd,middlecd,smallcd,name) values ('G',38,383,'有線放送業');
insert into jobcategory (largecd,middlecd,smallcd,name) values ('G',39,0,'情報サービス業');
insert into jobcategory (largecd,middlecd,smallcd,name) values ('G',39,390,'管理，補助的経済活動を行う事業所（39情報サービス業）');
insert into jobcategory (largecd,middlecd,smallcd,name) values ('G',39,391,'ソフトウェア業');
insert into jobcategory (largecd,middlecd,smallcd,name) values ('G',39,392,'情報処理・提供サービス業');
insert into jobcategory (largecd,middlecd,smallcd,name) values ('G',40,0,'インターネット附随サービス業');
insert into jobcategory (largecd,middlecd,smallcd,name) values ('G',40,400,'管理，補助的経済活動を行う事業所（40インターネット附随サービス業）');
insert into jobcategory (largecd,middlecd,smallcd,name) values ('G',40,401,'インターネット附随サービス業');
insert into jobcategory (largecd,middlecd,smallcd,name) values ('G',41,0,'映像・音声・文字情報制作業');
insert into jobcategory (largecd,middlecd,smallcd,name) values ('G',41,410,'管理，補助的経済活動を行う事業所（41映像・音声・文字情報制作業）');
insert into jobcategory (largecd,middlecd,smallcd,name) values ('G',41,411,'映像情報制作・配給業');
insert into jobcategory (largecd,middlecd,smallcd,name) values ('G',41,412,'音声情報制作業');
insert into jobcategory (largecd,middlecd,smallcd,name) values ('G',41,413,'新聞業');
insert into jobcategory (largecd,middlecd,smallcd,name) values ('G',41,414,'出版業');
insert into jobcategory (largecd,middlecd,smallcd,name) values ('G',41,415,'広告制作業');
insert into jobcategory (largecd,middlecd,smallcd,name) values ('G',41,416,'映像・音声・文字情報制作に附帯するサービス業');
insert into jobcategory (largecd,middlecd,smallcd,name) values ('H',0,0,'運輸業，郵便業');
insert into jobcategory (largecd,middlecd,smallcd,name) values ('H',42,0,'鉄道業');
insert into jobcategory (largecd,middlecd,smallcd,name) values ('H',42,420,'管理，補助的経済活動を行う事業所（42鉄道業）');
insert into jobcategory (largecd,middlecd,smallcd,name) values ('H',42,421,'鉄道業');
insert into jobcategory (largecd,middlecd,smallcd,name) values ('H',43,0,'道路旅客運送業');
insert into jobcategory (largecd,middlecd,smallcd,name) values ('H',43,430,'管理，補助的経済活動を行う事業所（43道路旅客運送業）');
insert into jobcategory (largecd,middlecd,smallcd,name) values ('H',43,431,'一般乗合旅客自動車運送業');
insert into jobcategory (largecd,middlecd,smallcd,name) values ('H',43,432,'一般乗用旅客自動車運送業');
insert into jobcategory (largecd,middlecd,smallcd,name) values ('H',43,433,'一般貸切旅客自動車運送業');
insert into jobcategory (largecd,middlecd,smallcd,name) values ('H',43,439,'その他の道路旅客運送業');
insert into jobcategory (largecd,middlecd,smallcd,name) values ('H',44,0,'道路貨物運送業');
insert into jobcategory (largecd,middlecd,smallcd,name) values ('H',44,440,'管理，補助的経済活動を行う事業所（44道路貨物運送業）');
insert into jobcategory (largecd,middlecd,smallcd,name) values ('H',44,441,'一般貨物自動車運送業');
insert into jobcategory (largecd,middlecd,smallcd,name) values ('H',44,442,'特定貨物自動車運送業');
insert into jobcategory (largecd,middlecd,smallcd,name) values ('H',44,443,'貨物軽自動車運送業');
insert into jobcategory (largecd,middlecd,smallcd,name) values ('H',44,444,'集配利用運送業');
insert into jobcategory (largecd,middlecd,smallcd,name) values ('H',44,449,'その他の道路貨物運送業');
insert into jobcategory (largecd,middlecd,smallcd,name) values ('H',45,0,'水運業');
insert into jobcategory (largecd,middlecd,smallcd,name) values ('H',45,450,'管理，補助的経済活動を行う事業所（45水運業）');
insert into jobcategory (largecd,middlecd,smallcd,name) values ('H',45,451,'外航海運業');
insert into jobcategory (largecd,middlecd,smallcd,name) values ('H',45,452,'沿海海運業');
insert into jobcategory (largecd,middlecd,smallcd,name) values ('H',45,453,'内陸水運業');
insert into jobcategory (largecd,middlecd,smallcd,name) values ('H',45,454,'船舶貸渡業');
insert into jobcategory (largecd,middlecd,smallcd,name) values ('H',46,0,'航空運輸業');
insert into jobcategory (largecd,middlecd,smallcd,name) values ('H',46,460,'管理，補助的経済活動を行う事業所（46航空運輸業）');
insert into jobcategory (largecd,middlecd,smallcd,name) values ('H',46,461,'航空運送業');
insert into jobcategory (largecd,middlecd,smallcd,name) values ('H',46,462,'航空機使用業（航空運送業を除く）');
insert into jobcategory (largecd,middlecd,smallcd,name) values ('H',47,0,'倉庫業');
insert into jobcategory (largecd,middlecd,smallcd,name) values ('H',47,470,'管理，補助的経済活動を行う事業所（47倉庫業）');
insert into jobcategory (largecd,middlecd,smallcd,name) values ('H',47,471,'倉庫業（冷蔵倉庫業を除く）');
insert into jobcategory (largecd,middlecd,smallcd,name) values ('H',47,472,'冷蔵倉庫業');
insert into jobcategory (largecd,middlecd,smallcd,name) values ('H',48,0,'運輸に附帯するサービス業');
insert into jobcategory (largecd,middlecd,smallcd,name) values ('H',48,480,'管理，補助的経済活動を行う事業所（48運輸に附帯するサービス業）');
insert into jobcategory (largecd,middlecd,smallcd,name) values ('H',48,481,'港湾運送業');
insert into jobcategory (largecd,middlecd,smallcd,name) values ('H',48,482,'貨物運送取扱業（集配利用運送業を除く）');
insert into jobcategory (largecd,middlecd,smallcd,name) values ('H',48,483,'運送代理店');
insert into jobcategory (largecd,middlecd,smallcd,name) values ('H',48,484,'こん包業');
insert into jobcategory (largecd,middlecd,smallcd,name) values ('H',48,485,'運輸施設提供業');
insert into jobcategory (largecd,middlecd,smallcd,name) values ('H',48,489,'その他の運輸に附帯するサービス業');
insert into jobcategory (largecd,middlecd,smallcd,name) values ('H',49,0,'郵便業（信書便事業を含む）');
insert into jobcategory (largecd,middlecd,smallcd,name) values ('H',49,490,'管理，補助的経済活動を行う事業所（49郵便業）');
insert into jobcategory (largecd,middlecd,smallcd,name) values ('H',49,491,'郵便業（信書便事業を含む）');
insert into jobcategory (largecd,middlecd,smallcd,name) values ('I',0,0,'卸売業，小売業');
insert into jobcategory (largecd,middlecd,smallcd,name) values ('I',50,0,'各種商品卸売業');
insert into jobcategory (largecd,middlecd,smallcd,name) values ('I',50,500,'管理，補助的経済活動を行う事業所（50各種商品卸売業）');
insert into jobcategory (largecd,middlecd,smallcd,name) values ('I',50,501,'各種商品卸売業');
insert into jobcategory (largecd,middlecd,smallcd,name) values ('I',51,0,'繊維・衣服等卸売業');
insert into jobcategory (largecd,middlecd,smallcd,name) values ('I',51,510,'管理，補助的経済活動を行う事業所（51繊維・衣服等卸売業）');
insert into jobcategory (largecd,middlecd,smallcd,name) values ('I',51,511,'繊維品卸売業（衣服，身の回り品を除く）');
insert into jobcategory (largecd,middlecd,smallcd,name) values ('I',51,512,'衣服卸売業');
insert into jobcategory (largecd,middlecd,smallcd,name) values ('I',51,513,'身の回り品卸売業');
insert into jobcategory (largecd,middlecd,smallcd,name) values ('I',52,0,'飲食料品卸売業');
insert into jobcategory (largecd,middlecd,smallcd,name) values ('I',52,520,'管理，補助的経済活動を行う事業所（52飲食料品卸売業）');
insert into jobcategory (largecd,middlecd,smallcd,name) values ('I',52,521,'農畜産物・水産物卸売業');
insert into jobcategory (largecd,middlecd,smallcd,name) values ('I',52,522,'食料・飲料卸売業');
insert into jobcategory (largecd,middlecd,smallcd,name) values ('I',53,0,'建築材料，鉱物・金属材料等卸売業');
insert into jobcategory (largecd,middlecd,smallcd,name) values ('I',53,530,'管理，補助的経済活動を行う事業所（53建築材料，鉱物・金属材料等卸売業）');
insert into jobcategory (largecd,middlecd,smallcd,name) values ('I',53,531,'建築材料卸売業');
insert into jobcategory (largecd,middlecd,smallcd,name) values ('I',53,532,'化学製品卸売業');
insert into jobcategory (largecd,middlecd,smallcd,name) values ('I',53,533,'石油・鉱物卸売業');
insert into jobcategory (largecd,middlecd,smallcd,name) values ('I',53,534,'鉄鋼製品卸売業');
insert into jobcategory (largecd,middlecd,smallcd,name) values ('I',53,535,'非鉄金属卸売業');
insert into jobcategory (largecd,middlecd,smallcd,name) values ('I',53,536,'再生資源卸売業');
insert into jobcategory (largecd,middlecd,smallcd,name) values ('I',54,0,'機械器具卸売業');
insert into jobcategory (largecd,middlecd,smallcd,name) values ('I',54,540,'管理，補助的経済活動を行う事業所（54機械器具卸売業）');
insert into jobcategory (largecd,middlecd,smallcd,name) values ('I',54,541,'産業機械器具卸売業');
insert into jobcategory (largecd,middlecd,smallcd,name) values ('I',54,542,'自動車卸売業');
insert into jobcategory (largecd,middlecd,smallcd,name) values ('I',54,543,'電気機械器具卸売業');
insert into jobcategory (largecd,middlecd,smallcd,name) values ('I',54,549,'その他の機械器具卸売業');
insert into jobcategory (largecd,middlecd,smallcd,name) values ('I',55,0,'その他の卸売業');
insert into jobcategory (largecd,middlecd,smallcd,name) values ('I',55,550,'管理，補助的経済活動を行う事業所（55その他の卸売業）');
insert into jobcategory (largecd,middlecd,smallcd,name) values ('I',55,551,'家具・建具・じゅう器等卸売業');
insert into jobcategory (largecd,middlecd,smallcd,name) values ('I',55,552,'医薬品・化粧品等卸売業');
insert into jobcategory (largecd,middlecd,smallcd,name) values ('I',55,553,'紙・紙製品卸売業');
insert into jobcategory (largecd,middlecd,smallcd,name) values ('I',55,559,'他に分類されない卸売業');
insert into jobcategory (largecd,middlecd,smallcd,name) values ('I',56,0,'各種商品小売業');
insert into jobcategory (largecd,middlecd,smallcd,name) values ('I',56,560,'管理，補助的経済活動を行う事業所（56各種商品小売業）');
insert into jobcategory (largecd,middlecd,smallcd,name) values ('I',56,561,'百貨店，総合スーパー');
insert into jobcategory (largecd,middlecd,smallcd,name) values ('I',56,569,'その他の各種商品小売業（従業者が常時50人未満のもの）');
insert into jobcategory (largecd,middlecd,smallcd,name) values ('I',57,0,'織物・衣服・身の回り品小売業');
insert into jobcategory (largecd,middlecd,smallcd,name) values ('I',57,570,'管理，補助的経済活動を行う事業所（57織物・衣服・身の回り品小売業）');
insert into jobcategory (largecd,middlecd,smallcd,name) values ('I',57,571,'呉服・服地・寝具小売業');
insert into jobcategory (largecd,middlecd,smallcd,name) values ('I',57,572,'男子服小売業');
insert into jobcategory (largecd,middlecd,smallcd,name) values ('I',57,573,'婦人・子供服小売業');
insert into jobcategory (largecd,middlecd,smallcd,name) values ('I',57,574,'靴・履物小売業');
insert into jobcategory (largecd,middlecd,smallcd,name) values ('I',57,579,'その他の織物・衣服・身の回り品小売業');
insert into jobcategory (largecd,middlecd,smallcd,name) values ('I',58,0,'飲食料品小売業');
insert into jobcategory (largecd,middlecd,smallcd,name) values ('I',58,580,'管理，補助的経済活動を行う事業所（58飲食料品小売業）');
insert into jobcategory (largecd,middlecd,smallcd,name) values ('I',58,581,'各種食料品小売業');
insert into jobcategory (largecd,middlecd,smallcd,name) values ('I',58,582,'野菜・果実小売業');
insert into jobcategory (largecd,middlecd,smallcd,name) values ('I',58,583,'食肉小売業');
insert into jobcategory (largecd,middlecd,smallcd,name) values ('I',58,584,'鮮魚小売業');
insert into jobcategory (largecd,middlecd,smallcd,name) values ('I',58,585,'酒小売業');
insert into jobcategory (largecd,middlecd,smallcd,name) values ('I',58,586,'菓子・パン小売業');
insert into jobcategory (largecd,middlecd,smallcd,name) values ('I',58,589,'その他の飲食料品小売業');
insert into jobcategory (largecd,middlecd,smallcd,name) values ('I',59,0,'機械器具小売業');
insert into jobcategory (largecd,middlecd,smallcd,name) values ('I',59,590,'管理，補助的経済活動を行う事業所（59機械器具小売業）');
insert into jobcategory (largecd,middlecd,smallcd,name) values ('I',59,591,'自動車小売業');
insert into jobcategory (largecd,middlecd,smallcd,name) values ('I',59,592,'自転車小売業');
insert into jobcategory (largecd,middlecd,smallcd,name) values ('I',59,593,'機械器具小売業（自動車，自転車を除く）');
insert into jobcategory (largecd,middlecd,smallcd,name) values ('I',60,0,'その他の小売業');
insert into jobcategory (largecd,middlecd,smallcd,name) values ('I',60,600,'管理，補助的経済活動を行う事業所（60その他の小売業）');
insert into jobcategory (largecd,middlecd,smallcd,name) values ('I',60,601,'家具・建具・畳小売業');
insert into jobcategory (largecd,middlecd,smallcd,name) values ('I',60,602,'じゅう器小売業');
insert into jobcategory (largecd,middlecd,smallcd,name) values ('I',60,603,'医薬品・化粧品小売業');
insert into jobcategory (largecd,middlecd,smallcd,name) values ('I',60,604,'農耕用品小売業');
insert into jobcategory (largecd,middlecd,smallcd,name) values ('I',60,605,'燃料小売業');
insert into jobcategory (largecd,middlecd,smallcd,name) values ('I',60,606,'書籍・文房具小売業');
insert into jobcategory (largecd,middlecd,smallcd,name) values ('I',60,607,'スポーツ用品・がん具・娯楽用品・楽器小売業');
insert into jobcategory (largecd,middlecd,smallcd,name) values ('I',60,608,'写真機・時計・眼鏡小売業');
insert into jobcategory (largecd,middlecd,smallcd,name) values ('I',60,609,'他に分類されない小売業');
insert into jobcategory (largecd,middlecd,smallcd,name) values ('I',61,0,'無店舗小売業');
insert into jobcategory (largecd,middlecd,smallcd,name) values ('I',61,610,'管理，補助的経済活動を行う事業所（61無店舗小売業）');
insert into jobcategory (largecd,middlecd,smallcd,name) values ('I',61,611,'通信販売・訪問販売小売業');
insert into jobcategory (largecd,middlecd,smallcd,name) values ('I',61,612,'自動販売機による小売業');
insert into jobcategory (largecd,middlecd,smallcd,name) values ('I',61,619,'その他の無店舗小売業');
insert into jobcategory (largecd,middlecd,smallcd,name) values ('J',0,0,'金融業，保険業');
insert into jobcategory (largecd,middlecd,smallcd,name) values ('J',62,0,'銀行業');
insert into jobcategory (largecd,middlecd,smallcd,name) values ('J',62,620,'管理，補助的経済活動を行う事業所（62銀行業）');
insert into jobcategory (largecd,middlecd,smallcd,name) values ('J',62,621,'中央銀行');
insert into jobcategory (largecd,middlecd,smallcd,name) values ('J',62,622,'銀行（中央銀行を除く）');
insert into jobcategory (largecd,middlecd,smallcd,name) values ('J',63,0,'協同組織金融業');
insert into jobcategory (largecd,middlecd,smallcd,name) values ('J',63,630,'管理，補助的経済活動を行う事業所（63協同組織金融業）');
insert into jobcategory (largecd,middlecd,smallcd,name) values ('J',63,631,'中小企業等金融業');
insert into jobcategory (largecd,middlecd,smallcd,name) values ('J',63,632,'農林水産金融業');
insert into jobcategory (largecd,middlecd,smallcd,name) values ('J',64,0,'貸金業，クレジットカード業等非預金信用機関');
insert into jobcategory (largecd,middlecd,smallcd,name) values ('J',64,640,'管理，補助的経済活動を行う事業所（64貸金業，クレジットカード業等非預金信用機関）');
insert into jobcategory (largecd,middlecd,smallcd,name) values ('J',64,641,'貸金業');
insert into jobcategory (largecd,middlecd,smallcd,name) values ('J',64,642,'質屋');
insert into jobcategory (largecd,middlecd,smallcd,name) values ('J',64,643,'クレジットカード業，割賦金融業');
insert into jobcategory (largecd,middlecd,smallcd,name) values ('J',64,649,'その他の非預金信用機関');
insert into jobcategory (largecd,middlecd,smallcd,name) values ('J',65,0,'金融商品取引業，商品先物取引業');
insert into jobcategory (largecd,middlecd,smallcd,name) values ('J',65,650,'管理，補助的経済活動を行う事業所（65金融商品取引業，商品先物取引業）');
insert into jobcategory (largecd,middlecd,smallcd,name) values ('J',65,651,'金融商品取引業');
insert into jobcategory (largecd,middlecd,smallcd,name) values ('J',65,652,'商品先物取引業，商品投資顧問業');
insert into jobcategory (largecd,middlecd,smallcd,name) values ('J',66,0,'補助的金融業等');
insert into jobcategory (largecd,middlecd,smallcd,name) values ('J',66,660,'管理，補助的経済活動を行う事業所（66補助的金融業等）');
insert into jobcategory (largecd,middlecd,smallcd,name) values ('J',66,661,'補助的金融業，金融附帯業');
insert into jobcategory (largecd,middlecd,smallcd,name) values ('J',66,662,'信託業');
insert into jobcategory (largecd,middlecd,smallcd,name) values ('J',66,663,'金融代理業');
insert into jobcategory (largecd,middlecd,smallcd,name) values ('J',67,0,'保険業（保険媒介代理業，保険サービス業を含む）');
insert into jobcategory (largecd,middlecd,smallcd,name) values ('J',67,670,'管理，補助的経済活動を行う事業所（67保険業）');
insert into jobcategory (largecd,middlecd,smallcd,name) values ('J',67,671,'生命保険業');
insert into jobcategory (largecd,middlecd,smallcd,name) values ('J',67,672,'損害保険業');
insert into jobcategory (largecd,middlecd,smallcd,name) values ('J',67,673,'共済事業，少額短期保険業');
insert into jobcategory (largecd,middlecd,smallcd,name) values ('J',67,674,'保険媒介代理業');
insert into jobcategory (largecd,middlecd,smallcd,name) values ('J',67,675,'保険サービス業');
insert into jobcategory (largecd,middlecd,smallcd,name) values ('K',0,0,'不動産業，物品賃貸業');
insert into jobcategory (largecd,middlecd,smallcd,name) values ('K',68,0,'不動産取引業');
insert into jobcategory (largecd,middlecd,smallcd,name) values ('K',68,680,'管理，補助的経済活動を行う事業所（68不動産取引業）');
insert into jobcategory (largecd,middlecd,smallcd,name) values ('K',68,681,'建物売買業，土地売買業');
insert into jobcategory (largecd,middlecd,smallcd,name) values ('K',68,682,'不動産代理業・仲介業');
insert into jobcategory (largecd,middlecd,smallcd,name) values ('K',69,0,'不動産賃貸業・管理業');
insert into jobcategory (largecd,middlecd,smallcd,name) values ('K',69,690,'管理，補助的経済活動を行う事業所（69不動産賃貸業・管理業）');
insert into jobcategory (largecd,middlecd,smallcd,name) values ('K',69,691,'不動産賃貸業（貸家業，貸間業を除く）');
insert into jobcategory (largecd,middlecd,smallcd,name) values ('K',69,692,'貸家業，貸間業');
insert into jobcategory (largecd,middlecd,smallcd,name) values ('K',69,693,'駐車場業');
insert into jobcategory (largecd,middlecd,smallcd,name) values ('K',69,694,'不動産管理業');
insert into jobcategory (largecd,middlecd,smallcd,name) values ('K',70,0,'物品賃貸業');
insert into jobcategory (largecd,middlecd,smallcd,name) values ('K',70,700,'管理，補助的経済活動を行う事業所（70物品賃貸業）');
insert into jobcategory (largecd,middlecd,smallcd,name) values ('K',70,701,'各種物品賃貸業');
insert into jobcategory (largecd,middlecd,smallcd,name) values ('K',70,702,'産業用機械器具賃貸業');
insert into jobcategory (largecd,middlecd,smallcd,name) values ('K',70,703,'事務用機械器具賃貸業');
insert into jobcategory (largecd,middlecd,smallcd,name) values ('K',70,704,'自動車賃貸業');
insert into jobcategory (largecd,middlecd,smallcd,name) values ('K',70,705,'スポーツ・娯楽用品賃貸業');
insert into jobcategory (largecd,middlecd,smallcd,name) values ('K',70,709,'その他の物品賃貸業');
insert into jobcategory (largecd,middlecd,smallcd,name) values ('L',0,0,'学術研究，専門・技術サービス業');
insert into jobcategory (largecd,middlecd,smallcd,name) values ('L',71,0,'学術・開発研究機関');
insert into jobcategory (largecd,middlecd,smallcd,name) values ('L',71,710,'管理，補助的経済活動を行う事業所（71学術・開発研究機関）');
insert into jobcategory (largecd,middlecd,smallcd,name) values ('L',71,711,'自然科学研究所');
insert into jobcategory (largecd,middlecd,smallcd,name) values ('L',71,712,'人文・社会科学研究所');
insert into jobcategory (largecd,middlecd,smallcd,name) values ('L',72,0,'専門サービス業（他に分類されないもの）');
insert into jobcategory (largecd,middlecd,smallcd,name) values ('L',72,720,'管理，補助的経済活動を行う事業所（72専門サービス業）');
insert into jobcategory (largecd,middlecd,smallcd,name) values ('L',72,721,'法律事務所，特許事務所');
insert into jobcategory (largecd,middlecd,smallcd,name) values ('L',72,722,'公証人役場，司法書士事務所，土地家屋調査士事務所');
insert into jobcategory (largecd,middlecd,smallcd,name) values ('L',72,723,'行政書士事務所');
insert into jobcategory (largecd,middlecd,smallcd,name) values ('L',72,724,'公認会計士事務所，税理士事務所');
insert into jobcategory (largecd,middlecd,smallcd,name) values ('L',72,725,'社会保険労務士事務所');
insert into jobcategory (largecd,middlecd,smallcd,name) values ('L',72,726,'デザイン業');
insert into jobcategory (largecd,middlecd,smallcd,name) values ('L',72,727,'著述・芸術家業');
insert into jobcategory (largecd,middlecd,smallcd,name) values ('L',72,728,'経営コンサルタント業，純粋持株会社');
insert into jobcategory (largecd,middlecd,smallcd,name) values ('L',72,729,'その他の専門サービス業');
insert into jobcategory (largecd,middlecd,smallcd,name) values ('L',73,0,'広告業');
insert into jobcategory (largecd,middlecd,smallcd,name) values ('L',73,730,'管理，補助的経済活動を行う事業所（73広告業）');
insert into jobcategory (largecd,middlecd,smallcd,name) values ('L',73,731,'広告業');
insert into jobcategory (largecd,middlecd,smallcd,name) values ('L',74,0,'技術サービス業（他に分類されないもの）');
insert into jobcategory (largecd,middlecd,smallcd,name) values ('L',74,740,'管理，補助的経済活動を行う事業所（74技術サービス業）');
insert into jobcategory (largecd,middlecd,smallcd,name) values ('L',74,741,'獣医業');
insert into jobcategory (largecd,middlecd,smallcd,name) values ('L',74,742,'土木建築サービス業');
insert into jobcategory (largecd,middlecd,smallcd,name) values ('L',74,743,'機械設計業');
insert into jobcategory (largecd,middlecd,smallcd,name) values ('L',74,744,'商品・非破壊検査業');
insert into jobcategory (largecd,middlecd,smallcd,name) values ('L',74,745,'計量証明業');
insert into jobcategory (largecd,middlecd,smallcd,name) values ('L',74,746,'写真業');
insert into jobcategory (largecd,middlecd,smallcd,name) values ('L',74,749,'その他の技術サービス業');
insert into jobcategory (largecd,middlecd,smallcd,name) values ('M',0,0,'宿泊業，飲食サービス業');
insert into jobcategory (largecd,middlecd,smallcd,name) values ('M',75,0,'宿泊業');
insert into jobcategory (largecd,middlecd,smallcd,name) values ('M',75,750,'管理，補助的経済活動を行う事業所（75宿泊業）');
insert into jobcategory (largecd,middlecd,smallcd,name) values ('M',75,751,'旅館，ホテル');
insert into jobcategory (largecd,middlecd,smallcd,name) values ('M',75,752,'簡易宿所');
insert into jobcategory (largecd,middlecd,smallcd,name) values ('M',75,753,'下宿業');
insert into jobcategory (largecd,middlecd,smallcd,name) values ('M',75,759,'その他の宿泊業');
insert into jobcategory (largecd,middlecd,smallcd,name) values ('M',76,0,'飲食店');
insert into jobcategory (largecd,middlecd,smallcd,name) values ('M',76,760,'管理，補助的経済活動を行う事業所（76飲食店）');
insert into jobcategory (largecd,middlecd,smallcd,name) values ('M',76,761,'食堂，レストラン（専門料理店を除く）');
insert into jobcategory (largecd,middlecd,smallcd,name) values ('M',76,762,'専門料理店');
insert into jobcategory (largecd,middlecd,smallcd,name) values ('M',76,763,'そば・うどん店');
insert into jobcategory (largecd,middlecd,smallcd,name) values ('M',76,764,'すし店');
insert into jobcategory (largecd,middlecd,smallcd,name) values ('M',76,765,'酒場，ビヤホール');
insert into jobcategory (largecd,middlecd,smallcd,name) values ('M',76,766,'バー，キャバレー，ナイトクラブ');
insert into jobcategory (largecd,middlecd,smallcd,name) values ('M',76,767,'喫茶店');
insert into jobcategory (largecd,middlecd,smallcd,name) values ('M',76,769,'その他の飲食店');
insert into jobcategory (largecd,middlecd,smallcd,name) values ('M',77,0,'持ち帰り・配達飲食サービス業');
insert into jobcategory (largecd,middlecd,smallcd,name) values ('M',77,770,'管理，補助的経済活動を行う事業所（77持ち帰り・配達飲食サービス業）');
insert into jobcategory (largecd,middlecd,smallcd,name) values ('M',77,771,'持ち帰り飲食サービス業');
insert into jobcategory (largecd,middlecd,smallcd,name) values ('M',77,772,'配達飲食サービス業');
insert into jobcategory (largecd,middlecd,smallcd,name) values ('N',0,0,'生活関連サービス業，娯楽業');
insert into jobcategory (largecd,middlecd,smallcd,name) values ('N',78,0,'洗濯・理容・美容・浴場業');
insert into jobcategory (largecd,middlecd,smallcd,name) values ('N',78,780,'管理，補助的経済活動を行う事業所（78洗濯・理容・美容・浴場業）');
insert into jobcategory (largecd,middlecd,smallcd,name) values ('N',78,781,'洗濯業');
insert into jobcategory (largecd,middlecd,smallcd,name) values ('N',78,782,'理容業');
insert into jobcategory (largecd,middlecd,smallcd,name) values ('N',78,783,'美容業');
insert into jobcategory (largecd,middlecd,smallcd,name) values ('N',78,784,'一般公衆浴場業');
insert into jobcategory (largecd,middlecd,smallcd,name) values ('N',78,785,'その他の公衆浴場業');
insert into jobcategory (largecd,middlecd,smallcd,name) values ('N',78,789,'その他の洗濯・理容・美容・浴場業');
insert into jobcategory (largecd,middlecd,smallcd,name) values ('N',79,0,'その他の生活関連サービス業');
insert into jobcategory (largecd,middlecd,smallcd,name) values ('N',79,790,'管理，補助的経済活動を行う事業所（79その他の生活関連サービス業）');
insert into jobcategory (largecd,middlecd,smallcd,name) values ('N',79,791,'旅行業');
insert into jobcategory (largecd,middlecd,smallcd,name) values ('N',79,792,'家事サービス業');
insert into jobcategory (largecd,middlecd,smallcd,name) values ('N',79,793,'衣服裁縫修理業');
insert into jobcategory (largecd,middlecd,smallcd,name) values ('N',79,794,'物品預り業');
insert into jobcategory (largecd,middlecd,smallcd,name) values ('N',79,795,'火葬・墓地管理業');
insert into jobcategory (largecd,middlecd,smallcd,name) values ('N',79,796,'冠婚葬祭業');
insert into jobcategory (largecd,middlecd,smallcd,name) values ('N',79,799,'他に分類されない生活関連サービス業');
insert into jobcategory (largecd,middlecd,smallcd,name) values ('N',80,0,'娯楽業');
insert into jobcategory (largecd,middlecd,smallcd,name) values ('N',80,800,'管理，補助的経済活動を行う事業所（80娯楽業）');
insert into jobcategory (largecd,middlecd,smallcd,name) values ('N',80,801,'映画館');
insert into jobcategory (largecd,middlecd,smallcd,name) values ('N',80,802,'興行場（別掲を除く），興行団');
insert into jobcategory (largecd,middlecd,smallcd,name) values ('N',80,803,'競輪・競馬等の競走場，競技団');
insert into jobcategory (largecd,middlecd,smallcd,name) values ('N',80,804,'スポーツ施設提供業');
insert into jobcategory (largecd,middlecd,smallcd,name) values ('N',80,805,'公園，遊園地');
insert into jobcategory (largecd,middlecd,smallcd,name) values ('N',80,806,'遊戯場');
insert into jobcategory (largecd,middlecd,smallcd,name) values ('N',80,809,'その他の娯楽業');
insert into jobcategory (largecd,middlecd,smallcd,name) values ('O',0,0,'教育，学習支援業');
insert into jobcategory (largecd,middlecd,smallcd,name) values ('O',81,0,'学校教育');
insert into jobcategory (largecd,middlecd,smallcd,name) values ('O',81,810,'管理，補助的経済活動を行う事業所（81学校教育）');
insert into jobcategory (largecd,middlecd,smallcd,name) values ('O',81,811,'幼稚園');
insert into jobcategory (largecd,middlecd,smallcd,name) values ('O',81,812,'小学校');
insert into jobcategory (largecd,middlecd,smallcd,name) values ('O',81,813,'中学校');
insert into jobcategory (largecd,middlecd,smallcd,name) values ('O',81,814,'高等学校，中等教育学校');
insert into jobcategory (largecd,middlecd,smallcd,name) values ('O',81,815,'特別支援学校');
insert into jobcategory (largecd,middlecd,smallcd,name) values ('O',81,816,'高等教育機関');
insert into jobcategory (largecd,middlecd,smallcd,name) values ('O',81,817,'専修学校，各種学校');
insert into jobcategory (largecd,middlecd,smallcd,name) values ('O',81,818,'学校教育支援機関');
insert into jobcategory (largecd,middlecd,smallcd,name) values ('O',81,819,'幼保連携型認定こども園');
insert into jobcategory (largecd,middlecd,smallcd,name) values ('O',82,0,'その他の教育，学習支援業');
insert into jobcategory (largecd,middlecd,smallcd,name) values ('O',82,820,'管理，補助的経済活動を行う事業所（82その他の教育，学習支援業）');
insert into jobcategory (largecd,middlecd,smallcd,name) values ('O',82,821,'社会教育');
insert into jobcategory (largecd,middlecd,smallcd,name) values ('O',82,822,'職業・教育支援施設');
insert into jobcategory (largecd,middlecd,smallcd,name) values ('O',82,823,'学習塾');
insert into jobcategory (largecd,middlecd,smallcd,name) values ('O',82,824,'教養・技能教授業');
insert into jobcategory (largecd,middlecd,smallcd,name) values ('O',82,829,'他に分類されない教育，学習支援業');
insert into jobcategory (largecd,middlecd,smallcd,name) values ('P',0,0,'医療，福祉');
insert into jobcategory (largecd,middlecd,smallcd,name) values ('P',83,0,'医療業');
insert into jobcategory (largecd,middlecd,smallcd,name) values ('P',83,830,'管理，補助的経済活動を行う事業所（83医療業）');
insert into jobcategory (largecd,middlecd,smallcd,name) values ('P',83,831,'病院');
insert into jobcategory (largecd,middlecd,smallcd,name) values ('P',83,832,'一般診療所');
insert into jobcategory (largecd,middlecd,smallcd,name) values ('P',83,833,'歯科診療所');
insert into jobcategory (largecd,middlecd,smallcd,name) values ('P',83,834,'助産・看護業');
insert into jobcategory (largecd,middlecd,smallcd,name) values ('P',83,835,'療術業');
insert into jobcategory (largecd,middlecd,smallcd,name) values ('P',83,836,'医療に附帯するサービス業');
insert into jobcategory (largecd,middlecd,smallcd,name) values ('P',84,0,'保健衛生');
insert into jobcategory (largecd,middlecd,smallcd,name) values ('P',84,840,'管理，補助的経済活動を行う事業所（84保健衛生）');
insert into jobcategory (largecd,middlecd,smallcd,name) values ('P',84,841,'保健所');
insert into jobcategory (largecd,middlecd,smallcd,name) values ('P',84,842,'健康相談施設');
insert into jobcategory (largecd,middlecd,smallcd,name) values ('P',84,849,'その他の保健衛生');
insert into jobcategory (largecd,middlecd,smallcd,name) values ('P',85,0,'社会保険・社会福祉・介護事業');
insert into jobcategory (largecd,middlecd,smallcd,name) values ('P',85,850,'管理，補助的経済活動を行う事業所（85社会保険・社会福祉・介護事業）');
insert into jobcategory (largecd,middlecd,smallcd,name) values ('P',85,851,'社会保険事業団体');
insert into jobcategory (largecd,middlecd,smallcd,name) values ('P',85,852,'福祉事務所');
insert into jobcategory (largecd,middlecd,smallcd,name) values ('P',85,853,'児童福祉事業');
insert into jobcategory (largecd,middlecd,smallcd,name) values ('P',85,854,'老人福祉・介護事業');
insert into jobcategory (largecd,middlecd,smallcd,name) values ('P',85,855,'障害者福祉事業');
insert into jobcategory (largecd,middlecd,smallcd,name) values ('P',85,859,'その他の社会保険・社会福祉・介護事業');
insert into jobcategory (largecd,middlecd,smallcd,name) values ('Q',0,0,'複合サービス事業');
insert into jobcategory (largecd,middlecd,smallcd,name) values ('Q',86,0,'郵便局');
insert into jobcategory (largecd,middlecd,smallcd,name) values ('Q',86,860,'管理，補助的経済活動を行う事業所（86郵便局）');
insert into jobcategory (largecd,middlecd,smallcd,name) values ('Q',86,861,'郵便局');
insert into jobcategory (largecd,middlecd,smallcd,name) values ('Q',86,862,'郵便局受託業');
insert into jobcategory (largecd,middlecd,smallcd,name) values ('Q',87,0,'協同組合（他に分類されないもの）');
insert into jobcategory (largecd,middlecd,smallcd,name) values ('Q',87,870,'管理，補助的経済活動を行う事業所（87協同組合）');
insert into jobcategory (largecd,middlecd,smallcd,name) values ('Q',87,871,'農林水産業協同組合（他に分類されないもの）');
insert into jobcategory (largecd,middlecd,smallcd,name) values ('Q',87,872,'事業協同組合（他に分類されないもの）');
insert into jobcategory (largecd,middlecd,smallcd,name) values ('R',0,0,'サービス業（他に分類されないもの）');
insert into jobcategory (largecd,middlecd,smallcd,name) values ('R',88,0,'廃棄物処理業');
insert into jobcategory (largecd,middlecd,smallcd,name) values ('R',88,880,'管理，補助的経済活動を行う事業所（88廃棄物処理業）');
insert into jobcategory (largecd,middlecd,smallcd,name) values ('R',88,881,'一般廃棄物処理業');
insert into jobcategory (largecd,middlecd,smallcd,name) values ('R',88,882,'産業廃棄物処理業');
insert into jobcategory (largecd,middlecd,smallcd,name) values ('R',88,889,'その他の廃棄物処理業');
insert into jobcategory (largecd,middlecd,smallcd,name) values ('R',89,0,'自動車整備業');
insert into jobcategory (largecd,middlecd,smallcd,name) values ('R',89,890,'管理，補助的経済活動を行う事業所（89自動車整備業）');
insert into jobcategory (largecd,middlecd,smallcd,name) values ('R',89,891,'自動車整備業');
insert into jobcategory (largecd,middlecd,smallcd,name) values ('R',90,0,'機械等修理業（別掲を除く）');
insert into jobcategory (largecd,middlecd,smallcd,name) values ('R',90,900,'管理，補助的経済活動を行う事業所（90機械等修理業）');
insert into jobcategory (largecd,middlecd,smallcd,name) values ('R',90,901,'機械修理業（電気機械器具を除く）');
insert into jobcategory (largecd,middlecd,smallcd,name) values ('R',90,902,'電気機械器具修理業');
insert into jobcategory (largecd,middlecd,smallcd,name) values ('R',90,903,'表具業');
insert into jobcategory (largecd,middlecd,smallcd,name) values ('R',90,909,'その他の修理業');
insert into jobcategory (largecd,middlecd,smallcd,name) values ('R',91,0,'職業紹介・労働者派遣業');
insert into jobcategory (largecd,middlecd,smallcd,name) values ('R',91,910,'管理，補助的経済活動を行う事業所（91職業紹介・労働者派遣業）');
insert into jobcategory (largecd,middlecd,smallcd,name) values ('R',91,911,'職業紹介業');
insert into jobcategory (largecd,middlecd,smallcd,name) values ('R',91,912,'労働者派遣業');
insert into jobcategory (largecd,middlecd,smallcd,name) values ('R',92,0,'その他の事業サービス業');
insert into jobcategory (largecd,middlecd,smallcd,name) values ('R',92,920,'管理，補助的経済活動を行う事業所（92その他の事業サービス業）');
insert into jobcategory (largecd,middlecd,smallcd,name) values ('R',92,921,'速記・ワープロ入力・複写業');
insert into jobcategory (largecd,middlecd,smallcd,name) values ('R',92,922,'建物サービス業');
insert into jobcategory (largecd,middlecd,smallcd,name) values ('R',92,923,'警備業');
insert into jobcategory (largecd,middlecd,smallcd,name) values ('R',92,929,'他に分類されない事業サービス業');
insert into jobcategory (largecd,middlecd,smallcd,name) values ('R',93,0,'政治・経済・文化団体');
insert into jobcategory (largecd,middlecd,smallcd,name) values ('R',93,931,'経済団体');
insert into jobcategory (largecd,middlecd,smallcd,name) values ('R',93,932,'労働団体');
insert into jobcategory (largecd,middlecd,smallcd,name) values ('R',93,933,'学術・文化団体');
insert into jobcategory (largecd,middlecd,smallcd,name) values ('R',93,934,'政治団体');
insert into jobcategory (largecd,middlecd,smallcd,name) values ('R',93,939,'他に分類されない非営利的団体');
insert into jobcategory (largecd,middlecd,smallcd,name) values ('R',94,0,'宗教');
insert into jobcategory (largecd,middlecd,smallcd,name) values ('R',94,941,'神道系宗教');
insert into jobcategory (largecd,middlecd,smallcd,name) values ('R',94,942,'仏教系宗教');
insert into jobcategory (largecd,middlecd,smallcd,name) values ('R',94,943,'キリスト教系宗教');
insert into jobcategory (largecd,middlecd,smallcd,name) values ('R',94,949,'その他の宗教');
insert into jobcategory (largecd,middlecd,smallcd,name) values ('R',95,0,'その他のサービス業');
insert into jobcategory (largecd,middlecd,smallcd,name) values ('R',95,950,'管理，補助的経済活動を行う事業所（95その他のサービス業）');
insert into jobcategory (largecd,middlecd,smallcd,name) values ('R',95,951,'集会場');
insert into jobcategory (largecd,middlecd,smallcd,name) values ('R',95,952,'と畜場');
insert into jobcategory (largecd,middlecd,smallcd,name) values ('R',95,959,'他に分類されないサービス業');
insert into jobcategory (largecd,middlecd,smallcd,name) values ('R',96,0,'外国公務');
insert into jobcategory (largecd,middlecd,smallcd,name) values ('R',96,961,'外国公館');
insert into jobcategory (largecd,middlecd,smallcd,name) values ('R',96,969,'その他の外国公務');
insert into jobcategory (largecd,middlecd,smallcd,name) values ('S',0,0,'公務（他に分類されるものを除く）');
insert into jobcategory (largecd,middlecd,smallcd,name) values ('S',97,0,'国家公務');
insert into jobcategory (largecd,middlecd,smallcd,name) values ('S',97,971,'立法機関');
insert into jobcategory (largecd,middlecd,smallcd,name) values ('S',97,972,'司法機関');
insert into jobcategory (largecd,middlecd,smallcd,name) values ('S',97,973,'行政機関');
insert into jobcategory (largecd,middlecd,smallcd,name) values ('S',98,0,'地方公務');
insert into jobcategory (largecd,middlecd,smallcd,name) values ('S',98,981,'都道府県機関');
insert into jobcategory (largecd,middlecd,smallcd,name) values ('S',98,982,'市町村機関');
insert into jobcategory (largecd,middlecd,smallcd,name) values ('T',0,0,'分類不能の産業');
insert into jobcategory (largecd,middlecd,smallcd,name) values ('T',99,0,'分類不能の産業');
insert into jobcategory (largecd,middlecd,smallcd,name) values ('T',99,999,'分類不能の産業');



-- 都道府県のデータ
insert into todouhuken values ('01','北海道');
insert into todouhuken values ('02','青森県');
insert into todouhuken values ('03','岩手県');
insert into todouhuken values ('04','宮城県');
insert into todouhuken values ('05','秋田県');
insert into todouhuken values ('06','山形県');
insert into todouhuken values ('07','福島県');
insert into todouhuken values ('08','茨城県');
insert into todouhuken values ('09','栃木県');
insert into todouhuken values ('10','群馬県');
insert into todouhuken values ('11','埼玉県');
insert into todouhuken values ('12','千葉県');
insert into todouhuken values ('13','東京都');
insert into todouhuken values ('14','神奈川県');
insert into todouhuken values ('15','新潟県');
insert into todouhuken values ('16','富山県');
insert into todouhuken values ('17','石川県');
insert into todouhuken values ('18','福井県');
insert into todouhuken values ('19','山梨県');
insert into todouhuken values ('20','長野県');
insert into todouhuken values ('21','岐阜県');
insert into todouhuken values ('22','静岡県');
insert into todouhuken values ('23','愛知県');
insert into todouhuken values ('24','三重県');
insert into todouhuken values ('25','滋賀県');
insert into todouhuken values ('26','京都府');
insert into todouhuken values ('27','大阪府');
insert into todouhuken values ('28','兵庫県');
insert into todouhuken values ('29','奈良県');
insert into todouhuken values ('30','和歌山県');
insert into todouhuken values ('31','鳥取県');
insert into todouhuken values ('32','島根県');
insert into todouhuken values ('33','岡山県');
insert into todouhuken values ('34','広島県');
insert into todouhuken values ('35','山口県');
insert into todouhuken values ('36','徳島県');
insert into todouhuken values ('37','香川県');
insert into todouhuken values ('38','愛媛県');
insert into todouhuken values ('39','高知県');
insert into todouhuken values ('40','福岡県');
insert into todouhuken values ('41','佐賀県');
insert into todouhuken values ('42','長崎県');
insert into todouhuken values ('43','熊本県');
insert into todouhuken values ('44','大分県');
insert into todouhuken values ('45','宮崎県');
insert into todouhuken values ('46','鹿児島県');
insert into todouhuken values ('47','沖縄県');


commit;



